Workbook
Name AUTRE: Paramétrage!$L$3:$L$18
Name CEI: Paramétrage!$P$21:$P$36
Name CODING: Paramétrage!$S$21:$S$36
Name Coeff_Fiscal: 'NDF A IMPRIMER Détail'!$I$13
Name COMEVE: Paramétrage!$P$3:$P$8
Name CORP: Paramétrage!$L$21:$L$36
Name DIGITAL: Paramétrage!$N$21:$N$36
Name Hotel: Paramétrage!$C$16
Name IT: Paramétrage!$M$21:$M$36
Name JPO: Paramétrage!$N$3:$N$8
Name Limit_dej: Paramétrage!$C$14
Name Limit_Diner: Paramétrage!$C$15
Name Puissance_Fiscale: 'NDF A IMPRIMER Détail'!$I$11
Name RE: Paramétrage!$Q$21:$Q$36
Name RI: Paramétrage!$O$21:$O$36
Name SALON: Paramétrage!$O$3:$O$8
Name SAMSUNG: Paramétrage!$T$21:$T$36
Name SEM: Paramétrage!$M$3:$M$8
Name WAC: Paramétrage!$R$21:$R$36
Name WCS: Paramétrage!$U$21:$U$36

Sheet Mode d'emploi
A1: DAFIONIS

Sheet NDF A IMPRIMER Détail
A1: Maquette de Note de Frais
A3: Prénom : | B3: Nicolas | H3: Période du | I3: =MIN(NDF[Date JJ/MM/AAAA]) -> 46308
A4: NOM : | B4: TORO | H4: Au | I4: =MAX(NDF[Date JJ/MM/AAAA]) -> 46308
A5: Fonction : | B5: Etudiant
A6: Ecole/Prog/Dépt : | B6: EPITECH IT | D6: =IF(B6="","",VLOOKUP(B6,Paramétrage!$E$2:$F$12,2,FALSE)) -> IT
A7: Ville : | B7: PARIS et RP | H7: Disposez vous d'une avance sur frais ? | I7: Non
C9: Motif : | D9: Infrastructure et nom de domaine pour l'Epitech Innovative Project (EIP) "Ascension"
H11: Puissance Fiscale :
H13: =CONCATENATE("Selon le ",Paramétrage!A2," votre cofficient de remboursement sera de :") -> Selon le Barème Fiscal automobile 2020 votre cofficient de remboursement sera de : | I13: =IF(ISNA(INDEX(Paramétrage!C5:C9,MATCH('NDF A IMPRIMER Détail'!I11,Paramétrage!D5:D9,0),0)),Paramétrage!$C$10,INDEX(Paramétrage!C5:C9,MATCH('NDF A IMPRIMER Détail'!I11,Paramétrage!D5:D9,0),0)) -> 0.601
K14: Montant de la NDF
E15: à remplir (impérativement) | H15: A remplir Obligatoirement pour les Repas | K15: =SUBTOTAL(9,NDF[Remboursement Calculé]) -> 34.18
A16: N° du ticket | B16: Ecole/Prog/Dépt | C16: Ville | D16: Date JJ/MM/AAAA | E16: Evénement | F16: Type de dépense | G16: Total | H16: Déjeuner/Dîner | I16: Nb de pers | J16: Commentaire | K16: Remboursement Calculé | L16: Numéro de compte | M16: Libellé de compte | N16: Menu déroulant ville | O16: Colonne1 | P16: Section Ana | Q16: Montant NDF | R16: Menu déroulant | S16: Colonne2
A17: 1 | D17: 46308 | E17: Autre | F17: Achats Informatiques | G17: 5.99 | J17: Nom de domaine (OVH) | K17: =IF(AND(NDF[[#This Row],[Type de dépense]]="Repas",NDF[[#This Row],[Déjeuner/Dîner]]="Dîner",Limit_Diner=0),NDF[[#This Row],[Total]],IF(AND(NDF[[#This Row],[Type de dépense]]="Repas",NDF[[#This Row],[Déjeuner/Dîner]]="Déjeuner",Limit_dej=0),NDF[[#This Row],[Total]],IF(AND(NDF[[#This Row],[Type de dépense]]="Hébergement",Hotel=0),NDF[[#This Row],[Total]],IF(AND(NDF[[#This Row],[Type de dépense]]="Hébergement",NDF[[#This Row],[Total]]>Hotel),Hotel,IF(AND(NDF[[#This Row],[Type de dépense]]="Véhicule Personnel (trajet en Km Ecole/Salon)",Puissance_Fiscale=""),"",IF(AND(NDF[[#This Row],[Type de dépense]]="Repas",NDF[[#This Row],[Déjeuner/Dîner]]<>0,NDF[[#This Row],[Nb de pers]]=""),"",IF(AND(NDF[[#This Row],[Type de dépense]]="Repas",NDF[[#This Row],[Déjeuner/Dîner]]="Déjeuner"),IF(NDF[[#This Row],[Total]]/NDF[[#This Row],[Nb de pers]]<(Limit_dej+0.01),NDF[[#This Row],[Total]],NDF[[#This Row],[Nb de pers]]*Limit_dej),IF(AND(NDF[[#This Row],[Type de dépense]]="Repas",NDF[[#This Row],[Déjeuner/Dîner]]="Dîner"),IF(NDF[[#This Row],[Total]]/NDF[[#This Row],[Nb de pers]]<Limit_Diner+0.01,NDF[[#This Row],[Total]],NDF[[#This Row],[Nb de pers]]*Limit_Diner),IF(NDF[[#This Row],[Type de dépense]]="Véhicule Personnel (trajet en Km Ecole/Salon)",NDF[[#This Row],[Total]]*Coeff_Fiscal,IF(AND(NDF[[#This Row],[Type de dépense]]="Repas",OR(NDF[[#This Row],[Déjeuner/Dîner]]="",NDF[[#This Row],[Nb de pers]]="")),"",NDF[[#This Row],[Total]])))))))))) -> 5.99 | L17: =IF(NDF[[#This Row],[Remboursement Calculé]]="","en attente",IF(ISNA(INDEX(Mapping_Comptable[Libellé comptable],MATCH(CONCATENATE(NDF[[#This Row],[Evénement]],"/",NDF[[#This Row],[Type de dépense]]),Mapping_Comptable[Column1],0),0)),"en attente",IF(AND(NDF[[#This Row],[Type de dépense]]="Repas",OR(NDF[[#This Row],[Déjeuner/Dîner]]="",NDF[[#This Row],[Nb de pers]]="")),"PB REPAS",INDEX(Mapping_Comptable[Compte Comptable],MATCH(CONCATENATE(NDF[[#This Row],[Evénement]],"/",NDF[[#This Row],[Type de dépense]]),Mapping_Comptable[Column1],0),0)))) -> 46760643 | M17: =IF(NDF[[#This Row],[Remboursement Calculé]]="","en attente",IF(ISNA(INDEX(Mapping_Comptable[Libellé comptable],MATCH(CONCATENATE(NDF[[#This Row],[Evénement]],"/",NDF[[#This Row],[Type de dépense]]),Mapping_Comptable[Column1],0),0)),"en attente",IF(AND(NDF[[#This Row],[Type de dépense]]="Repas",OR(NDF[[#This Row],[Déjeuner/Dîner]]="",NDF[[#This Row],[Nb de pers]]="")),"",INDEX(Mapping_Comptable[Libellé comptable],MATCH(CONCATENATE(NDF[[#This Row],[Evénement]],"/",NDF[[#This Row],[Type de dépense]]),Mapping_Comptable[Column1],0),0)))) -> FOURNITURES DIVERS INFORMATIQUE | N17: =IF(B17="","",VLOOKUP(B17,Paramétrage!$E$2:$F$12,2,FALSE)) | O17: =IF(AND(NDF[[#This Row],[Ecole/Prog/Dépt]]="",NDF[[#This Row],[Ville]]=""),$B$6&$B$7,IF(AND(NDF[[#This Row],[Ecole/Prog/Dépt]]="",NDF[[#This Row],[Ville]]<>""),$B$6&NDF[[#This Row],[Ville]],IF(AND(NDF[[#This Row],[Ecole/Prog/Dépt]]<>"",NDF[[#This Row],[Ville]]=""),NDF[[#This Row],[Ecole/Prog/Dépt]]&$B$7,IF(AND(NDF[[#This Row],[Ecole/Prog/Dépt]]<>"",NDF[[#This Row],[Ville]]<>""),NDF[[#This Row],[Ecole/Prog/Dépt]]&NDF[[#This Row],[Ville]],"")))) -> EPITECH ITPARIS et RP | P17: =VLOOKUP(NDF[[#This Row],[Colonne1]],Paramétrage!$L$73:$M$223,2,FALSE) -> 0068 - IT PARIS | Q17: Montant NDF | R17: =HLOOKUP(NDF[[#This Row],[Evénement]],Paramétrage!$L$1:$P$2,2,0) -> AUTRE | S17: =IF(AND(NDF[[#This Row],[Remboursement Calculé]]="",NDF[[#This Row],[Libellé de compte]]="en attente",NDF[[#This Row],[Type de dépense]]="Véhicule Personnel (trajet en Km Ecole/Salon)"),"Trajet ! Veuillez renseigner la puissance Fiscale de votre véhicule",IF(AND(NDF[[#This Row],[Evénement]]="Autre",NDF[[#This Row],[Type de dépense]]="Autre"),"En attente affectation par le comptable, renseigner un commentaire",IF(AND(NDF[[#This Row],[Remboursement Calculé]]>0,NDF[[#This Row],[Libellé de compte]]="en attente"),"Attention Evénement et Type de Dépense INCOMPATIBLES",IF(AND(NDF[[#This Row],[Type de dépense]]="Repas",OR(NDF[[#This Row],[Déjeuner/Dîner]]="",NDF[[#This Row],[Nb de pers]]="")),"Attention type de Dépense 'Repas' renseignez aussi le Type de Repas et/ou le nb de pers",IF(AND($B$7="",NDF[[#This Row],[Ville]]=""),"Ville non renseignée",IF(AND($B$6="",NDF[[#This Row],[Ecole/Prog/Dépt]]=""),"Ecole/Prog/Dépt non renseignés",""))))))
A18: 2 | D18: 46308 | E18: Autre | F18: Achats Informatiques | G18: 28.19 | J18: VPS (VPS-4 2027 OVH) | K18: =IF(AND(NDF[[#This Row],[Type de dépense]]="Repas",NDF[[#This Row],[Déjeuner/Dîner]]="Dîner",Limit_Diner=0),NDF[[#This Row],[Total]],IF(AND(NDF[[#This Row],[Type de dépense]]="Repas",NDF[[#This Row],[Déjeuner/Dîner]]="Déjeuner",Limit_dej=0),NDF[[#This Row],[Total]],IF(AND(NDF[[#This Row],[Type de dépense]]="Hébergement",Hotel=0),NDF[[#This Row],[Total]],IF(AND(NDF[[#This Row],[Type de dépense]]="Hébergement",NDF[[#This Row],[Total]]>Hotel),Hotel,IF(AND(NDF[[#This Row],[Type de dépense]]="Véhicule Personnel (trajet en Km Ecole/Salon)",Puissance_Fiscale=""),"",IF(AND(NDF[[#This Row],[Type de dépense]]="Repas",NDF[[#This Row],[Déjeuner/Dîner]]<>0,NDF[[#This Row],[Nb de pers]]=""),"",IF(AND(NDF[[#This Row],[Type de dépense]]="Repas",NDF[[#This Row],[Déjeuner/Dîner]]="Déjeuner"),IF(NDF[[#This Row],[Total]]/NDF[[#This Row],[Nb de pers]]<(Limit_dej+0.01),NDF[[#This Row],[Total]],NDF[[#This Row],[Nb de pers]]*Limit_dej),IF(AND(NDF[[#This Row],[Type de dépense]]="Repas",NDF[[#This Row],[Déjeuner/Dîner]]="Dîner"),IF(NDF[[#This Row],[Total]]/NDF[[#This Row],[Nb de pers]]<Limit_Diner+0.01,NDF[[#This Row],[Total]],NDF[[#This Row],[Nb de pers]]*Limit_Diner),IF(NDF[[#This Row],[Type de dépense]]="Véhicule Personnel (trajet en Km Ecole/Salon)",NDF[[#This Row],[Total]]*Coeff_Fiscal,IF(AND(NDF[[#This Row],[Type de dépense]]="Repas",OR(NDF[[#This Row],[Déjeuner/Dîner]]="",NDF[[#This Row],[Nb de pers]]="")),"",NDF[[#This Row],[Total]])))))))))) -> 28.19 | L18: =IF(NDF[[#This Row],[Remboursement Calculé]]="","",IF(ISNA(INDEX(Mapping_Comptable[Libellé comptable],MATCH(CONCATENATE(NDF[[#This Row],[Evénement]],"/",NDF[[#This Row],[Type de dépense]]),Mapping_Comptable[Column1],0),0)),"en attente",IF(AND(NDF[[#This Row],[Type de dépense]]="Repas",OR(NDF[[#This Row],[Déjeuner/Dîner]]="",NDF[[#This Row],[Nb de pers]]="")),"",INDEX(Mapping_Comptable[Compte Comptable],MATCH(CONCATENATE(NDF[[#This Row],[Evénement]],"/",NDF[[#This Row],[Type de dépense]]),Mapping_Comptable[Column1],0),0)))) -> 46760643 | M18: =IF(NDF[[#This Row],[Remboursement Calculé]]="","en attente",IF(ISNA(INDEX(Mapping_Comptable[Libellé comptable],MATCH(CONCATENATE(NDF[[#This Row],[Evénement]],"/",NDF[[#This Row],[Type de dépense]]),Mapping_Comptable[Column1],0),0)),"en attente",IF(AND(NDF[[#This Row],[Type de dépense]]="Repas",OR(NDF[[#This Row],[Déjeuner/Dîner]]="",NDF[[#This Row],[Nb de pers]]="")),"",INDEX(Mapping_Comptable[Libellé comptable],MATCH(CONCATENATE(NDF[[#This Row],[Evénement]],"/",NDF[[#This Row],[Type de dépense]]),Mapping_Comptable[Column1],0),0)))) -> FOURNITURES DIVERS INFORMATIQUE | N18: =IF(B18="","",VLOOKUP(B18,Paramétrage!$E$2:$F$12,2,FALSE)) | O18: =IF(AND(NDF[[#This Row],[Ecole/Prog/Dépt]]="",NDF[[#This Row],[Ville]]=""),$B$6&$B$7,IF(AND(NDF[[#This Row],[Ecole/Prog/Dépt]]="",NDF[[#This Row],[Ville]]<>""),$B$6&NDF[[#This Row],[Ville]],IF(AND(NDF[[#This Row],[Ecole/Prog/Dépt]]<>"",NDF[[#This Row],[Ville]]=""),NDF[[#This Row],[Ecole/Prog/Dépt]]&$B$7,IF(AND(NDF[[#This Row],[Ecole/Prog/Dépt]]<>"",NDF[[#This Row],[Ville]]<>""),NDF[[#This Row],[Ecole/Prog/Dépt]]&NDF[[#This Row],[Ville]],"")))) -> EPITECH ITPARIS et RP | P18: =VLOOKUP(NDF[[#This Row],[Colonne1]],Paramétrage!$L$73:$M$223,2,FALSE) -> 0068 - IT PARIS | Q18: Montant NDF | R18: =HLOOKUP(NDF[[#This Row],[Evénement]],Paramétrage!$L$1:$P$2,2,0) -> AUTRE | S18: =IF(AND(NDF[[#This Row],[Remboursement Calculé]]="",NDF[[#This Row],[Libellé de compte]]="en attente",NDF[[#This Row],[Type de dépense]]="Véhicule Personnel (trajet en Km Ecole/Salon)"),"Trajet ! Veuillez renseigner la puissance Fiscale de votre véhicule",IF(AND(NDF[[#This Row],[Evénement]]="Autre",NDF[[#This Row],[Type de dépense]]="Autre"),"En attente affectation par le comptable, renseigner un commentaire",IF(AND(NDF[[#This Row],[Remboursement Calculé]]>0,NDF[[#This Row],[Libellé de compte]]="en attente"),"Attention Evénement et Type de Dépense INCOMPATIBLES",IF(AND(NDF[[#This Row],[Type de dépense]]="Repas",OR(NDF[[#This Row],[Déjeuner/Dîner]]="",NDF[[#This Row],[Nb de pers]]="")),"Attention type de Dépense 'Repas' renseignez aussi le Type de Repas et/ou le nb de pers",IF(AND($B$7="",NDF[[#This Row],[Ville]]=""),"Ville non renseignée",IF(AND($B$6="",NDF[[#This Row],[Ecole/Prog/Dépt]]=""),"Ecole/Prog/Dépt non renseignés",""))))))
A19: 3 | K19: =IF(AND(NDF[[#This Row],[Type de dépense]]="Repas",NDF[[#This Row],[Déjeuner/Dîner]]="Dîner",Limit_Diner=0),NDF[[#This Row],[Total]],IF(AND(NDF[[#This Row],[Type de dépense]]="Repas",NDF[[#This Row],[Déjeuner/Dîner]]="Déjeuner",Limit_dej=0),NDF[[#This Row],[Total]],IF(AND(NDF[[#This Row],[Type de dépense]]="Hébergement",Hotel=0),NDF[[#This Row],[Total]],IF(AND(NDF[[#This Row],[Type de dépense]]="Hébergement",NDF[[#This Row],[Total]]>Hotel),Hotel,IF(AND(NDF[[#This Row],[Type de dépense]]="Véhicule Personnel (trajet en Km Ecole/Salon)",Puissance_Fiscale=""),"",IF(AND(NDF[[#This Row],[Type de dépense]]="Repas",NDF[[#This Row],[Déjeuner/Dîner]]<>0,NDF[[#This Row],[Nb de pers]]=""),"",IF(AND(NDF[[#This Row],[Type de dépense]]="Repas",NDF[[#This Row],[Déjeuner/Dîner]]="Déjeuner"),IF(NDF[[#This Row],[Total]]/NDF[[#This Row],[Nb de pers]]<(Limit_dej+0.01),NDF[[#This Row],[Total]],NDF[[#This Row],[Nb de pers]]*Limit_dej),IF(AND(NDF[[#This Row],[Type de dépense]]="Repas",NDF[[#This Row],[Déjeuner/Dîner]]="Dîner"),IF(NDF[[#This Row],[Total]]/NDF[[#This Row],[Nb de pers]]<Limit_Diner+0.01,NDF[[#This Row],[Total]],NDF[[#This Row],[Nb de pers]]*Limit_Diner),IF(NDF[[#This Row],[Type de dépense]]="Véhicule Personnel (trajet en Km Ecole/Salon)",NDF[[#This Row],[Total]]*Coeff_Fiscal,IF(AND(NDF[[#This Row],[Type de dépense]]="Repas",OR(NDF[[#This Row],[Déjeuner/Dîner]]="",NDF[[#This Row],[Nb de pers]]="")),"",NDF[[#This Row],[Total]])))))))))) -> 0 | L19: =IF(NDF[[#This Row],[Remboursement Calculé]]="","",IF(ISNA(INDEX(Mapping_Comptable[Libellé comptable],MATCH(CONCATENATE(NDF[[#This Row],[Evénement]],"/",NDF[[#This Row],[Type de dépense]]),Mapping_Comptable[Column1],0),0)),"en attente",IF(AND(NDF[[#This Row],[Type de dépense]]="Repas",OR(NDF[[#This Row],[Déjeuner/Dîner]]="",NDF[[#This Row],[Nb de pers]]="")),"",INDEX(Mapping_Comptable[Compte Comptable],MATCH(CONCATENATE(NDF[[#This Row],[Evénement]],"/",NDF[[#This Row],[Type de dépense]]),Mapping_Comptable[Column1],0),0)))) -> en attente | M19: =IF(NDF[[#This Row],[Remboursement Calculé]]="","en attente",IF(ISNA(INDEX(Mapping_Comptable[Libellé comptable],MATCH(CONCATENATE(NDF[[#This Row],[Evénement]],"/",NDF[[#This Row],[Type de dépense]]),Mapping_Comptable[Column1],0),0)),"en attente",IF(AND(NDF[[#This Row],[Type de dépense]]="Repas",OR(NDF[[#This Row],[Déjeuner/Dîner]]="",NDF[[#This Row],[Nb de pers]]="")),"",INDEX(Mapping_Comptable[Libellé comptable],MATCH(CONCATENATE(NDF[[#This Row],[Evénement]],"/",NDF[[#This Row],[Type de dépense]]),Mapping_Comptable[Column1],0),0)))) -> en attente | N19: =IF(B19="","",VLOOKUP(B19,Paramétrage!$E$2:$F$12,2,FALSE)) | O19: =IF(AND(NDF[[#This Row],[Ecole/Prog/Dépt]]="",NDF[[#This Row],[Ville]]=""),$B$6&$B$7,IF(AND(NDF[[#This Row],[Ecole/Prog/Dépt]]="",NDF[[#This Row],[Ville]]<>""),$B$6&NDF[[#This Row],[Ville]],IF(AND(NDF[[#This Row],[Ecole/Prog/Dépt]]<>"",NDF[[#This Row],[Ville]]=""),NDF[[#This Row],[Ecole/Prog/Dépt]]&$B$7,IF(AND(NDF[[#This Row],[Ecole/Prog/Dépt]]<>"",NDF[[#This Row],[Ville]]<>""),NDF[[#This Row],[Ecole/Prog/Dépt]]&NDF[[#This Row],[Ville]],"")))) -> EPITECH ITPARIS et RP | P19: =VLOOKUP(NDF[[#This Row],[Colonne1]],Paramétrage!$L$73:$M$223,2,FALSE) -> 0068 - IT PARIS | Q19: Montant NDF | R19: =HLOOKUP(NDF[[#This Row],[Evénement]],Paramétrage!$L$1:$P$2,2,0) -> #N/A | S19: =IF(AND(NDF[[#This Row],[Remboursement Calculé]]="",NDF[[#This Row],[Libellé de compte]]="en attente",NDF[[#This Row],[Type de dépense]]="Véhicule Personnel (trajet en Km Ecole/Salon)"),"Trajet ! Veuillez renseigner la puissance Fiscale de votre véhicule",IF(AND(NDF[[#This Row],[Evénement]]="Autre",NDF[[#This Row],[Type de dépense]]="Autre"),"En attente affectation par le comptable, renseigner un commentaire",IF(AND(NDF[[#This Row],[Remboursement Calculé]]>0,NDF[[#This Row],[Libellé de compte]]="en attente"),"Attention Evénement et Type de Dépense INCOMPATIBLES",IF(AND(NDF[[#This Row],[Type de dépense]]="Repas",OR(NDF[[#This Row],[Déjeuner/Dîner]]="",NDF[[#This Row],[Nb de pers]]="")),"Attention type de Dépense 'Repas' renseignez aussi le Type de Repas et/ou le nb de pers",IF(AND($B$7="",NDF[[#This Row],[Ville]]=""),"Ville non renseignée",IF(AND($B$6="",NDF[[#This Row],[Ecole/Prog/Dépt]]=""),"Ecole/Prog/Dépt non renseignés",""))))))
A20: 4 | K20: =IF(AND(NDF[[#This Row],[Type de dépense]]="Repas",NDF[[#This Row],[Déjeuner/Dîner]]="Dîner",Limit_Diner=0),NDF[[#This Row],[Total]],IF(AND(NDF[[#This Row],[Type de dépense]]="Repas",NDF[[#This Row],[Déjeuner/Dîner]]="Déjeuner",Limit_dej=0),NDF[[#This Row],[Total]],IF(AND(NDF[[#This Row],[Type de dépense]]="Hébergement",Hotel=0),NDF[[#This Row],[Total]],IF(AND(NDF[[#This Row],[Type de dépense]]="Hébergement",NDF[[#This Row],[Total]]>Hotel),Hotel,IF(AND(NDF[[#This Row],[Type de dépense]]="Véhicule Personnel (trajet en Km Ecole/Salon)",Puissance_Fiscale=""),"",IF(AND(NDF[[#This Row],[Type de dépense]]="Repas",NDF[[#This Row],[Déjeuner/Dîner]]<>0,NDF[[#This Row],[Nb de pers]]=""),"",IF(AND(NDF[[#This Row],[Type de dépense]]="Repas",NDF[[#This Row],[Déjeuner/Dîner]]="Déjeuner"),IF(NDF[[#This Row],[Total]]/NDF[[#This Row],[Nb de pers]]<(Limit_dej+0.01),NDF[[#This Row],[Total]],NDF[[#This Row],[Nb de pers]]*Limit_dej),IF(AND(NDF[[#This Row],[Type de dépense]]="Repas",NDF[[#This Row],[Déjeuner/Dîner]]="Dîner"),IF(NDF[[#This Row],[Total]]/NDF[[#This Row],[Nb de pers]]<Limit_Diner+0.01,NDF[[#This Row],[Total]],NDF[[#This Row],[Nb de pers]]*Limit_Diner),IF(NDF[[#This Row],[Type de dépense]]="Véhicule Personnel (trajet en Km Ecole/Salon)",NDF[[#This Row],[Total]]*Coeff_Fiscal,IF(AND(NDF[[#This Row],[Type de dépense]]="Repas",OR(NDF[[#This Row],[Déjeuner/Dîner]]="",NDF[[#This Row],[Nb de pers]]="")),"",NDF[[#This Row],[Total]])))))))))) -> 0 | L20: =IF(NDF[[#This Row],[Remboursement Calculé]]="","",IF(ISNA(INDEX(Mapping_Comptable[Libellé comptable],MATCH(CONCATENATE(NDF[[#This Row],[Evénement]],"/",NDF[[#This Row],[Type de dépense]]),Mapping_Comptable[Column1],0),0)),"en attente",IF(AND(NDF[[#This Row],[Type de dépense]]="Repas",OR(NDF[[#This Row],[Déjeuner/Dîner]]="",NDF[[#This Row],[Nb de pers]]="")),"",INDEX(Mapping_Comptable[Compte Comptable],MATCH(CONCATENATE(NDF[[#This Row],[Evénement]],"/",NDF[[#This Row],[Type de dépense]]),Mapping_Comptable[Column1],0),0)))) -> en attente | M20: =IF(NDF[[#This Row],[Remboursement Calculé]]="","en attente",IF(ISNA(INDEX(Mapping_Comptable[Libellé comptable],MATCH(CONCATENATE(NDF[[#This Row],[Evénement]],"/",NDF[[#This Row],[Type de dépense]]),Mapping_Comptable[Column1],0),0)),"en attente",IF(AND(NDF[[#This Row],[Type de dépense]]="Repas",OR(NDF[[#This Row],[Déjeuner/Dîner]]="",NDF[[#This Row],[Nb de pers]]="")),"",INDEX(Mapping_Comptable[Libellé comptable],MATCH(CONCATENATE(NDF[[#This Row],[Evénement]],"/",NDF[[#This Row],[Type de dépense]]),Mapping_Comptable[Column1],0),0)))) -> en attente | N20: =IF(B20="","",VLOOKUP(B20,Paramétrage!$E$2:$F$12,2,FALSE)) | O20: =IF(AND(NDF[[#This Row],[Ecole/Prog/Dépt]]="",NDF[[#This Row],[Ville]]=""),$B$6&$B$7,IF(AND(NDF[[#This Row],[Ecole/Prog/Dépt]]="",NDF[[#This Row],[Ville]]<>""),$B$6&NDF[[#This Row],[Ville]],IF(AND(NDF[[#This Row],[Ecole/Prog/Dépt]]<>"",NDF[[#This Row],[Ville]]=""),NDF[[#This Row],[Ecole/Prog/Dépt]]&$B$7,IF(AND(NDF[[#This Row],[Ecole/Prog/Dépt]]<>"",NDF[[#This Row],[Ville]]<>""),NDF[[#This Row],[Ecole/Prog/Dépt]]&NDF[[#This Row],[Ville]],"")))) -> EPITECH ITPARIS et RP | P20: =VLOOKUP(NDF[[#This Row],[Colonne1]],Paramétrage!$L$73:$M$223,2,FALSE) -> 0068 - IT PARIS | Q20: Montant NDF | R20: =HLOOKUP(NDF[[#This Row],[Evénement]],Paramétrage!$L$1:$P$2,2,0) -> #N/A | S20: =IF(AND(NDF[[#This Row],[Remboursement Calculé]]="",NDF[[#This Row],[Libellé de compte]]="en attente",NDF[[#This Row],[Type de dépense]]="Véhicule Personnel (trajet en Km Ecole/Salon)"),"Trajet ! Veuillez renseigner la puissance Fiscale de votre véhicule",IF(AND(NDF[[#This Row],[Evénement]]="Autre",NDF[[#This Row],[Type de dépense]]="Autre"),"En attente affectation par le comptable, renseigner un commentaire",IF(AND(NDF[[#This Row],[Remboursement Calculé]]>0,NDF[[#This Row],[Libellé de compte]]="en attente"),"Attention Evénement et Type de Dépense INCOMPATIBLES",IF(AND(NDF[[#This Row],[Type de dépense]]="Repas",OR(NDF[[#This Row],[Déjeuner/Dîner]]="",NDF[[#This Row],[Nb de pers]]="")),"Attention type de Dépense 'Repas' renseignez aussi le Type de Repas et/ou le nb de pers",IF(AND($B$7="",NDF[[#This Row],[Ville]]=""),"Ville non renseignée",IF(AND($B$6="",NDF[[#This Row],[Ecole/Prog/Dépt]]=""),"Ecole/Prog/Dépt non renseignés",""))))))
A21: 5 | K21: =IF(AND(NDF[[#This Row],[Type de dépense]]="Repas",NDF[[#This Row],[Déjeuner/Dîner]]="Dîner",Limit_Diner=0),NDF[[#This Row],[Total]],IF(AND(NDF[[#This Row],[Type de dépense]]="Repas",NDF[[#This Row],[Déjeuner/Dîner]]="Déjeuner",Limit_dej=0),NDF[[#This Row],[Total]],IF(AND(NDF[[#This Row],[Type de dépense]]="Hébergement",Hotel=0),NDF[[#This Row],[Total]],IF(AND(NDF[[#This Row],[Type de dépense]]="Hébergement",NDF[[#This Row],[Total]]>Hotel),Hotel,IF(AND(NDF[[#This Row],[Type de dépense]]="Véhicule Personnel (trajet en Km Ecole/Salon)",Puissance_Fiscale=""),"",IF(AND(NDF[[#This Row],[Type de dépense]]="Repas",NDF[[#This Row],[Déjeuner/Dîner]]<>0,NDF[[#This Row],[Nb de pers]]=""),"",IF(AND(NDF[[#This Row],[Type de dépense]]="Repas",NDF[[#This Row],[Déjeuner/Dîner]]="Déjeuner"),IF(NDF[[#This Row],[Total]]/NDF[[#This Row],[Nb de pers]]<(Limit_dej+0.01),NDF[[#This Row],[Total]],NDF[[#This Row],[Nb de pers]]*Limit_dej),IF(AND(NDF[[#This Row],[Type de dépense]]="Repas",NDF[[#This Row],[Déjeuner/Dîner]]="Dîner"),IF(NDF[[#This Row],[Total]]/NDF[[#This Row],[Nb de pers]]<Limit_Diner+0.01,NDF[[#This Row],[Total]],NDF[[#This Row],[Nb de pers]]*Limit_Diner),IF(NDF[[#This Row],[Type de dépense]]="Véhicule Personnel (trajet en Km Ecole/Salon)",NDF[[#This Row],[Total]]*Coeff_Fiscal,IF(AND(NDF[[#This Row],[Type de dépense]]="Repas",OR(NDF[[#This Row],[Déjeuner/Dîner]]="",NDF[[#This Row],[Nb de pers]]="")),"",NDF[[#This Row],[Total]])))))))))) -> 0 | L21: =IF(NDF[[#This Row],[Remboursement Calculé]]="","",IF(ISNA(INDEX(Mapping_Comptable[Libellé comptable],MATCH(CONCATENATE(NDF[[#This Row],[Evénement]],"/",NDF[[#This Row],[Type de dépense]]),Mapping_Comptable[Column1],0),0)),"en attente",IF(AND(NDF[[#This Row],[Type de dépense]]="Repas",OR(NDF[[#This Row],[Déjeuner/Dîner]]="",NDF[[#This Row],[Nb de pers]]="")),"",INDEX(Mapping_Comptable[Compte Comptable],MATCH(CONCATENATE(NDF[[#This Row],[Evénement]],"/",NDF[[#This Row],[Type de dépense]]),Mapping_Comptable[Column1],0),0)))) -> en attente | M21: =IF(NDF[[#This Row],[Remboursement Calculé]]="","en attente",IF(ISNA(INDEX(Mapping_Comptable[Libellé comptable],MATCH(CONCATENATE(NDF[[#This Row],[Evénement]],"/",NDF[[#This Row],[Type de dépense]]),Mapping_Comptable[Column1],0),0)),"en attente",IF(AND(NDF[[#This Row],[Type de dépense]]="Repas",OR(NDF[[#This Row],[Déjeuner/Dîner]]="",NDF[[#This Row],[Nb de pers]]="")),"",INDEX(Mapping_Comptable[Libellé comptable],MATCH(CONCATENATE(NDF[[#This Row],[Evénement]],"/",NDF[[#This Row],[Type de dépense]]),Mapping_Comptable[Column1],0),0)))) -> en attente | N21: =IF(B21="","",VLOOKUP(B21,Paramétrage!$E$2:$F$12,2,FALSE)) | O21: =IF(AND(NDF[[#This Row],[Ecole/Prog/Dépt]]="",NDF[[#This Row],[Ville]]=""),$B$6&$B$7,IF(AND(NDF[[#This Row],[Ecole/Prog/Dépt]]="",NDF[[#This Row],[Ville]]<>""),$B$6&NDF[[#This Row],[Ville]],IF(AND(NDF[[#This Row],[Ecole/Prog/Dépt]]<>"",NDF[[#This Row],[Ville]]=""),NDF[[#This Row],[Ecole/Prog/Dépt]]&$B$7,IF(AND(NDF[[#This Row],[Ecole/Prog/Dépt]]<>"",NDF[[#This Row],[Ville]]<>""),NDF[[#This Row],[Ecole/Prog/Dépt]]&NDF[[#This Row],[Ville]],"")))) -> EPITECH ITPARIS et RP | P21: =VLOOKUP(NDF[[#This Row],[Colonne1]],Paramétrage!$L$73:$M$223,2,FALSE) -> 0068 - IT PARIS | Q21: Montant NDF | R21: =HLOOKUP(NDF[[#This Row],[Evénement]],Paramétrage!$L$1:$P$2,2,0) -> #N/A | S21: =IF(AND(NDF[[#This Row],[Remboursement Calculé]]="",NDF[[#This Row],[Libellé de compte]]="en attente",NDF[[#This Row],[Type de dépense]]="Véhicule Personnel (trajet en Km Ecole/Salon)"),"Trajet ! Veuillez renseigner la puissance Fiscale de votre véhicule",IF(AND(NDF[[#This Row],[Evénement]]="Autre",NDF[[#This Row],[Type de dépense]]="Autre"),"En attente affectation par le comptable, renseigner un commentaire",IF(AND(NDF[[#This Row],[Remboursement Calculé]]>0,NDF[[#This Row],[Libellé de compte]]="en attente"),"Attention Evénement et Type de Dépense INCOMPATIBLES",IF(AND(NDF[[#This Row],[Type de dépense]]="Repas",OR(NDF[[#This Row],[Déjeuner/Dîner]]="",NDF[[#This Row],[Nb de pers]]="")),"Attention type de Dépense 'Repas' renseignez aussi le Type de Repas et/ou le nb de pers",IF(AND($B$7="",NDF[[#This Row],[Ville]]=""),"Ville non renseignée",IF(AND($B$6="",NDF[[#This Row],[Ecole/Prog/Dépt]]=""),"Ecole/Prog/Dépt non renseignés",""))))))
A22: 6 | K22: =IF(AND(NDF[[#This Row],[Type de dépense]]="Repas",NDF[[#This Row],[Déjeuner/Dîner]]="Dîner",Limit_Diner=0),NDF[[#This Row],[Total]],IF(AND(NDF[[#This Row],[Type de dépense]]="Repas",NDF[[#This Row],[Déjeuner/Dîner]]="Déjeuner",Limit_dej=0),NDF[[#This Row],[Total]],IF(AND(NDF[[#This Row],[Type de dépense]]="Hébergement",Hotel=0),NDF[[#This Row],[Total]],IF(AND(NDF[[#This Row],[Type de dépense]]="Hébergement",NDF[[#This Row],[Total]]>Hotel),Hotel,IF(AND(NDF[[#This Row],[Type de dépense]]="Véhicule Personnel (trajet en Km Ecole/Salon)",Puissance_Fiscale=""),"",IF(AND(NDF[[#This Row],[Type de dépense]]="Repas",NDF[[#This Row],[Déjeuner/Dîner]]<>0,NDF[[#This Row],[Nb de pers]]=""),"",IF(AND(NDF[[#This Row],[Type de dépense]]="Repas",NDF[[#This Row],[Déjeuner/Dîner]]="Déjeuner"),IF(NDF[[#This Row],[Total]]/NDF[[#This Row],[Nb de pers]]<(Limit_dej+0.01),NDF[[#This Row],[Total]],NDF[[#This Row],[Nb de pers]]*Limit_dej),IF(AND(NDF[[#This Row],[Type de dépense]]="Repas",NDF[[#This Row],[Déjeuner/Dîner]]="Dîner"),IF(NDF[[#This Row],[Total]]/NDF[[#This Row],[Nb de pers]]<Limit_Diner+0.01,NDF[[#This Row],[Total]],NDF[[#This Row],[Nb de pers]]*Limit_Diner),IF(NDF[[#This Row],[Type de dépense]]="Véhicule Personnel (trajet en Km Ecole/Salon)",NDF[[#This Row],[Total]]*Coeff_Fiscal,IF(AND(NDF[[#This Row],[Type de dépense]]="Repas",OR(NDF[[#This Row],[Déjeuner/Dîner]]="",NDF[[#This Row],[Nb de pers]]="")),"",NDF[[#This Row],[Total]])))))))))) -> 0 | L22: =IF(NDF[[#This Row],[Remboursement Calculé]]="","",IF(ISNA(INDEX(Mapping_Comptable[Libellé comptable],MATCH(CONCATENATE(NDF[[#This Row],[Evénement]],"/",NDF[[#This Row],[Type de dépense]]),Mapping_Comptable[Column1],0),0)),"en attente",IF(AND(NDF[[#This Row],[Type de dépense]]="Repas",OR(NDF[[#This Row],[Déjeuner/Dîner]]="",NDF[[#This Row],[Nb de pers]]="")),"",INDEX(Mapping_Comptable[Compte Comptable],MATCH(CONCATENATE(NDF[[#This Row],[Evénement]],"/",NDF[[#This Row],[Type de dépense]]),Mapping_Comptable[Column1],0),0)))) -> en attente | M22: =IF(NDF[[#This Row],[Remboursement Calculé]]="","en attente",IF(ISNA(INDEX(Mapping_Comptable[Libellé comptable],MATCH(CONCATENATE(NDF[[#This Row],[Evénement]],"/",NDF[[#This Row],[Type de dépense]]),Mapping_Comptable[Column1],0),0)),"en attente",IF(AND(NDF[[#This Row],[Type de dépense]]="Repas",OR(NDF[[#This Row],[Déjeuner/Dîner]]="",NDF[[#This Row],[Nb de pers]]="")),"",INDEX(Mapping_Comptable[Libellé comptable],MATCH(CONCATENATE(NDF[[#This Row],[Evénement]],"/",NDF[[#This Row],[Type de dépense]]),Mapping_Comptable[Column1],0),0)))) -> en attente | N22: =IF(B22="","",VLOOKUP(B22,Paramétrage!$E$2:$F$12,2,FALSE)) | O22: =IF(AND(NDF[[#This Row],[Ecole/Prog/Dépt]]="",NDF[[#This Row],[Ville]]=""),$B$6&$B$7,IF(AND(NDF[[#This Row],[Ecole/Prog/Dépt]]="",NDF[[#This Row],[Ville]]<>""),$B$6&NDF[[#This Row],[Ville]],IF(AND(NDF[[#This Row],[Ecole/Prog/Dépt]]<>"",NDF[[#This Row],[Ville]]=""),NDF[[#This Row],[Ecole/Prog/Dépt]]&$B$7,IF(AND(NDF[[#This Row],[Ecole/Prog/Dépt]]<>"",NDF[[#This Row],[Ville]]<>""),NDF[[#This Row],[Ecole/Prog/Dépt]]&NDF[[#This Row],[Ville]],"")))) -> EPITECH ITPARIS et RP | P22: =VLOOKUP(NDF[[#This Row],[Colonne1]],Paramétrage!$L$73:$M$223,2,FALSE) -> 0068 - IT PARIS | Q22: Montant NDF | R22: =HLOOKUP(NDF[[#This Row],[Evénement]],Paramétrage!$L$1:$P$2,2,0) -> #N/A | S22: =IF(AND(NDF[[#This Row],[Remboursement Calculé]]="",NDF[[#This Row],[Libellé de compte]]="en attente",NDF[[#This Row],[Type de dépense]]="Véhicule Personnel (trajet en Km Ecole/Salon)"),"Trajet ! Veuillez renseigner la puissance Fiscale de votre véhicule",IF(AND(NDF[[#This Row],[Evénement]]="Autre",NDF[[#This Row],[Type de dépense]]="Autre"),"En attente affectation par le comptable, renseigner un commentaire",IF(AND(NDF[[#This Row],[Remboursement Calculé]]>0,NDF[[#This Row],[Libellé de compte]]="en attente"),"Attention Evénement et Type de Dépense INCOMPATIBLES",IF(AND(NDF[[#This Row],[Type de dépense]]="Repas",OR(NDF[[#This Row],[Déjeuner/Dîner]]="",NDF[[#This Row],[Nb de pers]]="")),"Attention type de Dépense 'Repas' renseignez aussi le Type de Repas et/ou le nb de pers",IF(AND($B$7="",NDF[[#This Row],[Ville]]=""),"Ville non renseignée",IF(AND($B$6="",NDF[[#This Row],[Ecole/Prog/Dépt]]=""),"Ecole/Prog/Dépt non renseignés",""))))))
A23: 7 | K23: =IF(AND(NDF[[#This Row],[Type de dépense]]="Repas",NDF[[#This Row],[Déjeuner/Dîner]]="Dîner",Limit_Diner=0),NDF[[#This Row],[Total]],IF(AND(NDF[[#This Row],[Type de dépense]]="Repas",NDF[[#This Row],[Déjeuner/Dîner]]="Déjeuner",Limit_dej=0),NDF[[#This Row],[Total]],IF(AND(NDF[[#This Row],[Type de dépense]]="Hébergement",Hotel=0),NDF[[#This Row],[Total]],IF(AND(NDF[[#This Row],[Type de dépense]]="Hébergement",NDF[[#This Row],[Total]]>Hotel),Hotel,IF(AND(NDF[[#This Row],[Type de dépense]]="Véhicule Personnel (trajet en Km Ecole/Salon)",Puissance_Fiscale=""),"",IF(AND(NDF[[#This Row],[Type de dépense]]="Repas",NDF[[#This Row],[Déjeuner/Dîner]]<>0,NDF[[#This Row],[Nb de pers]]=""),"",IF(AND(NDF[[#This Row],[Type de dépense]]="Repas",NDF[[#This Row],[Déjeuner/Dîner]]="Déjeuner"),IF(NDF[[#This Row],[Total]]/NDF[[#This Row],[Nb de pers]]<(Limit_dej+0.01),NDF[[#This Row],[Total]],NDF[[#This Row],[Nb de pers]]*Limit_dej),IF(AND(NDF[[#This Row],[Type de dépense]]="Repas",NDF[[#This Row],[Déjeuner/Dîner]]="Dîner"),IF(NDF[[#This Row],[Total]]/NDF[[#This Row],[Nb de pers]]<Limit_Diner+0.01,NDF[[#This Row],[Total]],NDF[[#This Row],[Nb de pers]]*Limit_Diner),IF(NDF[[#This Row],[Type de dépense]]="Véhicule Personnel (trajet en Km Ecole/Salon)",NDF[[#This Row],[Total]]*Coeff_Fiscal,IF(AND(NDF[[#This Row],[Type de dépense]]="Repas",OR(NDF[[#This Row],[Déjeuner/Dîner]]="",NDF[[#This Row],[Nb de pers]]="")),"",NDF[[#This Row],[Total]])))))))))) -> 0 | L23: =IF(NDF[[#This Row],[Remboursement Calculé]]="","",IF(ISNA(INDEX(Mapping_Comptable[Libellé comptable],MATCH(CONCATENATE(NDF[[#This Row],[Evénement]],"/",NDF[[#This Row],[Type de dépense]]),Mapping_Comptable[Column1],0),0)),"en attente",IF(AND(NDF[[#This Row],[Type de dépense]]="Repas",OR(NDF[[#This Row],[Déjeuner/Dîner]]="",NDF[[#This Row],[Nb de pers]]="")),"",INDEX(Mapping_Comptable[Compte Comptable],MATCH(CONCATENATE(NDF[[#This Row],[Evénement]],"/",NDF[[#This Row],[Type de dépense]]),Mapping_Comptable[Column1],0),0)))) -> en attente | M23: =IF(NDF[[#This Row],[Remboursement Calculé]]="","en attente",IF(ISNA(INDEX(Mapping_Comptable[Libellé comptable],MATCH(CONCATENATE(NDF[[#This Row],[Evénement]],"/",NDF[[#This Row],[Type de dépense]]),Mapping_Comptable[Column1],0),0)),"en attente",IF(AND(NDF[[#This Row],[Type de dépense]]="Repas",OR(NDF[[#This Row],[Déjeuner/Dîner]]="",NDF[[#This Row],[Nb de pers]]="")),"",INDEX(Mapping_Comptable[Libellé comptable],MATCH(CONCATENATE(NDF[[#This Row],[Evénement]],"/",NDF[[#This Row],[Type de dépense]]),Mapping_Comptable[Column1],0),0)))) -> en attente | N23: =IF(B23="","",VLOOKUP(B23,Paramétrage!$E$2:$F$12,2,FALSE)) | O23: =IF(AND(NDF[[#This Row],[Ecole/Prog/Dépt]]="",NDF[[#This Row],[Ville]]=""),$B$6&$B$7,IF(AND(NDF[[#This Row],[Ecole/Prog/Dépt]]="",NDF[[#This Row],[Ville]]<>""),$B$6&NDF[[#This Row],[Ville]],IF(AND(NDF[[#This Row],[Ecole/Prog/Dépt]]<>"",NDF[[#This Row],[Ville]]=""),NDF[[#This Row],[Ecole/Prog/Dépt]]&$B$7,IF(AND(NDF[[#This Row],[Ecole/Prog/Dépt]]<>"",NDF[[#This Row],[Ville]]<>""),NDF[[#This Row],[Ecole/Prog/Dépt]]&NDF[[#This Row],[Ville]],"")))) -> EPITECH ITPARIS et RP | P23: =VLOOKUP(NDF[[#This Row],[Colonne1]],Paramétrage!$L$73:$M$223,2,FALSE) -> 0068 - IT PARIS | Q23: Montant NDF | R23: =HLOOKUP(NDF[[#This Row],[Evénement]],Paramétrage!$L$1:$P$2,2,0) -> #N/A | S23: =IF(AND(NDF[[#This Row],[Remboursement Calculé]]="",NDF[[#This Row],[Libellé de compte]]="en attente",NDF[[#This Row],[Type de dépense]]="Véhicule Personnel (trajet en Km Ecole/Salon)"),"Trajet ! Veuillez renseigner la puissance Fiscale de votre véhicule",IF(AND(NDF[[#This Row],[Evénement]]="Autre",NDF[[#This Row],[Type de dépense]]="Autre"),"En attente affectation par le comptable, renseigner un commentaire",IF(AND(NDF[[#This Row],[Remboursement Calculé]]>0,NDF[[#This Row],[Libellé de compte]]="en attente"),"Attention Evénement et Type de Dépense INCOMPATIBLES",IF(AND(NDF[[#This Row],[Type de dépense]]="Repas",OR(NDF[[#This Row],[Déjeuner/Dîner]]="",NDF[[#This Row],[Nb de pers]]="")),"Attention type de Dépense 'Repas' renseignez aussi le Type de Repas et/ou le nb de pers",IF(AND($B$7="",NDF[[#This Row],[Ville]]=""),"Ville non renseignée",IF(AND($B$6="",NDF[[#This Row],[Ecole/Prog/Dépt]]=""),"Ecole/Prog/Dépt non renseignés",""))))))
A24: 8 | K24: =IF(AND(NDF[[#This Row],[Type de dépense]]="Repas",NDF[[#This Row],[Déjeuner/Dîner]]="Dîner",Limit_Diner=0),NDF[[#This Row],[Total]],IF(AND(NDF[[#This Row],[Type de dépense]]="Repas",NDF[[#This Row],[Déjeuner/Dîner]]="Déjeuner",Limit_dej=0),NDF[[#This Row],[Total]],IF(AND(NDF[[#This Row],[Type de dépense]]="Hébergement",Hotel=0),NDF[[#This Row],[Total]],IF(AND(NDF[[#This Row],[Type de dépense]]="Hébergement",NDF[[#This Row],[Total]]>Hotel),Hotel,IF(AND(NDF[[#This Row],[Type de dépense]]="Véhicule Personnel (trajet en Km Ecole/Salon)",Puissance_Fiscale=""),"",IF(AND(NDF[[#This Row],[Type de dépense]]="Repas",NDF[[#This Row],[Déjeuner/Dîner]]<>0,NDF[[#This Row],[Nb de pers]]=""),"",IF(AND(NDF[[#This Row],[Type de dépense]]="Repas",NDF[[#This Row],[Déjeuner/Dîner]]="Déjeuner"),IF(NDF[[#This Row],[Total]]/NDF[[#This Row],[Nb de pers]]<(Limit_dej+0.01),NDF[[#This Row],[Total]],NDF[[#This Row],[Nb de pers]]*Limit_dej),IF(AND(NDF[[#This Row],[Type de dépense]]="Repas",NDF[[#This Row],[Déjeuner/Dîner]]="Dîner"),IF(NDF[[#This Row],[Total]]/NDF[[#This Row],[Nb de pers]]<Limit_Diner+0.01,NDF[[#This Row],[Total]],NDF[[#This Row],[Nb de pers]]*Limit_Diner),IF(NDF[[#This Row],[Type de dépense]]="Véhicule Personnel (trajet en Km Ecole/Salon)",NDF[[#This Row],[Total]]*Coeff_Fiscal,IF(AND(NDF[[#This Row],[Type de dépense]]="Repas",OR(NDF[[#This Row],[Déjeuner/Dîner]]="",NDF[[#This Row],[Nb de pers]]="")),"",NDF[[#This Row],[Total]])))))))))) -> 0 | L24: =IF(NDF[[#This Row],[Remboursement Calculé]]="","",IF(ISNA(INDEX(Mapping_Comptable[Libellé comptable],MATCH(CONCATENATE(NDF[[#This Row],[Evénement]],"/",NDF[[#This Row],[Type de dépense]]),Mapping_Comptable[Column1],0),0)),"en attente",IF(AND(NDF[[#This Row],[Type de dépense]]="Repas",OR(NDF[[#This Row],[Déjeuner/Dîner]]="",NDF[[#This Row],[Nb de pers]]="")),"",INDEX(Mapping_Comptable[Compte Comptable],MATCH(CONCATENATE(NDF[[#This Row],[Evénement]],"/",NDF[[#This Row],[Type de dépense]]),Mapping_Comptable[Column1],0),0)))) -> en attente | M24: =IF(NDF[[#This Row],[Remboursement Calculé]]="","en attente",IF(ISNA(INDEX(Mapping_Comptable[Libellé comptable],MATCH(CONCATENATE(NDF[[#This Row],[Evénement]],"/",NDF[[#This Row],[Type de dépense]]),Mapping_Comptable[Column1],0),0)),"en attente",IF(AND(NDF[[#This Row],[Type de dépense]]="Repas",OR(NDF[[#This Row],[Déjeuner/Dîner]]="",NDF[[#This Row],[Nb de pers]]="")),"",INDEX(Mapping_Comptable[Libellé comptable],MATCH(CONCATENATE(NDF[[#This Row],[Evénement]],"/",NDF[[#This Row],[Type de dépense]]),Mapping_Comptable[Column1],0),0)))) -> en attente | N24: =IF(B24="","",VLOOKUP(B24,Paramétrage!$E$2:$F$12,2,FALSE)) | O24: =IF(AND(NDF[[#This Row],[Ecole/Prog/Dépt]]="",NDF[[#This Row],[Ville]]=""),$B$6&$B$7,IF(AND(NDF[[#This Row],[Ecole/Prog/Dépt]]="",NDF[[#This Row],[Ville]]<>""),$B$6&NDF[[#This Row],[Ville]],IF(AND(NDF[[#This Row],[Ecole/Prog/Dépt]]<>"",NDF[[#This Row],[Ville]]=""),NDF[[#This Row],[Ecole/Prog/Dépt]]&$B$7,IF(AND(NDF[[#This Row],[Ecole/Prog/Dépt]]<>"",NDF[[#This Row],[Ville]]<>""),NDF[[#This Row],[Ecole/Prog/Dépt]]&NDF[[#This Row],[Ville]],"")))) -> EPITECH ITPARIS et RP | P24: =VLOOKUP(NDF[[#This Row],[Colonne1]],Paramétrage!$L$73:$M$223,2,FALSE) -> 0068 - IT PARIS | Q24: Montant NDF | R24: =HLOOKUP(NDF[[#This Row],[Evénement]],Paramétrage!$L$1:$P$2,2,0) -> #N/A | S24: =IF(AND(NDF[[#This Row],[Remboursement Calculé]]="",NDF[[#This Row],[Libellé de compte]]="en attente",NDF[[#This Row],[Type de dépense]]="Véhicule Personnel (trajet en Km Ecole/Salon)"),"Trajet ! Veuillez renseigner la puissance Fiscale de votre véhicule",IF(AND(NDF[[#This Row],[Evénement]]="Autre",NDF[[#This Row],[Type de dépense]]="Autre"),"En attente affectation par le comptable, renseigner un commentaire",IF(AND(NDF[[#This Row],[Remboursement Calculé]]>0,NDF[[#This Row],[Libellé de compte]]="en attente"),"Attention Evénement et Type de Dépense INCOMPATIBLES",IF(AND(NDF[[#This Row],[Type de dépense]]="Repas",OR(NDF[[#This Row],[Déjeuner/Dîner]]="",NDF[[#This Row],[Nb de pers]]="")),"Attention type de Dépense 'Repas' renseignez aussi le Type de Repas et/ou le nb de pers",IF(AND($B$7="",NDF[[#This Row],[Ville]]=""),"Ville non renseignée",IF(AND($B$6="",NDF[[#This Row],[Ecole/Prog/Dépt]]=""),"Ecole/Prog/Dépt non renseignés",""))))))
A25: 9 | K25: =IF(AND(NDF[[#This Row],[Type de dépense]]="Repas",NDF[[#This Row],[Déjeuner/Dîner]]="Dîner",Limit_Diner=0),NDF[[#This Row],[Total]],IF(AND(NDF[[#This Row],[Type de dépense]]="Repas",NDF[[#This Row],[Déjeuner/Dîner]]="Déjeuner",Limit_dej=0),NDF[[#This Row],[Total]],IF(AND(NDF[[#This Row],[Type de dépense]]="Hébergement",Hotel=0),NDF[[#This Row],[Total]],IF(AND(NDF[[#This Row],[Type de dépense]]="Hébergement",NDF[[#This Row],[Total]]>Hotel),Hotel,IF(AND(NDF[[#This Row],[Type de dépense]]="Véhicule Personnel (trajet en Km Ecole/Salon)",Puissance_Fiscale=""),"",IF(AND(NDF[[#This Row],[Type de dépense]]="Repas",NDF[[#This Row],[Déjeuner/Dîner]]<>0,NDF[[#This Row],[Nb de pers]]=""),"",IF(AND(NDF[[#This Row],[Type de dépense]]="Repas",NDF[[#This Row],[Déjeuner/Dîner]]="Déjeuner"),IF(NDF[[#This Row],[Total]]/NDF[[#This Row],[Nb de pers]]<(Limit_dej+0.01),NDF[[#This Row],[Total]],NDF[[#This Row],[Nb de pers]]*Limit_dej),IF(AND(NDF[[#This Row],[Type de dépense]]="Repas",NDF[[#This Row],[Déjeuner/Dîner]]="Dîner"),IF(NDF[[#This Row],[Total]]/NDF[[#This Row],[Nb de pers]]<Limit_Diner+0.01,NDF[[#This Row],[Total]],NDF[[#This Row],[Nb de pers]]*Limit_Diner),IF(NDF[[#This Row],[Type de dépense]]="Véhicule Personnel (trajet en Km Ecole/Salon)",NDF[[#This Row],[Total]]*Coeff_Fiscal,IF(AND(NDF[[#This Row],[Type de dépense]]="Repas",OR(NDF[[#This Row],[Déjeuner/Dîner]]="",NDF[[#This Row],[Nb de pers]]="")),"",NDF[[#This Row],[Total]])))))))))) -> 0 | L25: =IF(NDF[[#This Row],[Remboursement Calculé]]="","",IF(ISNA(INDEX(Mapping_Comptable[Libellé comptable],MATCH(CONCATENATE(NDF[[#This Row],[Evénement]],"/",NDF[[#This Row],[Type de dépense]]),Mapping_Comptable[Column1],0),0)),"en attente",IF(AND(NDF[[#This Row],[Type de dépense]]="Repas",OR(NDF[[#This Row],[Déjeuner/Dîner]]="",NDF[[#This Row],[Nb de pers]]="")),"",INDEX(Mapping_Comptable[Compte Comptable],MATCH(CONCATENATE(NDF[[#This Row],[Evénement]],"/",NDF[[#This Row],[Type de dépense]]),Mapping_Comptable[Column1],0),0)))) -> en attente | M25: =IF(NDF[[#This Row],[Remboursement Calculé]]="","en attente",IF(ISNA(INDEX(Mapping_Comptable[Libellé comptable],MATCH(CONCATENATE(NDF[[#This Row],[Evénement]],"/",NDF[[#This Row],[Type de dépense]]),Mapping_Comptable[Column1],0),0)),"en attente",IF(AND(NDF[[#This Row],[Type de dépense]]="Repas",OR(NDF[[#This Row],[Déjeuner/Dîner]]="",NDF[[#This Row],[Nb de pers]]="")),"",INDEX(Mapping_Comptable[Libellé comptable],MATCH(CONCATENATE(NDF[[#This Row],[Evénement]],"/",NDF[[#This Row],[Type de dépense]]),Mapping_Comptable[Column1],0),0)))) -> en attente | N25: =IF(B25="","",VLOOKUP(B25,Paramétrage!$E$2:$F$12,2,FALSE)) | O25: =IF(AND(NDF[[#This Row],[Ecole/Prog/Dépt]]="",NDF[[#This Row],[Ville]]=""),$B$6&$B$7,IF(AND(NDF[[#This Row],[Ecole/Prog/Dépt]]="",NDF[[#This Row],[Ville]]<>""),$B$6&NDF[[#This Row],[Ville]],IF(AND(NDF[[#This Row],[Ecole/Prog/Dépt]]<>"",NDF[[#This Row],[Ville]]=""),NDF[[#This Row],[Ecole/Prog/Dépt]]&$B$7,IF(AND(NDF[[#This Row],[Ecole/Prog/Dépt]]<>"",NDF[[#This Row],[Ville]]<>""),NDF[[#This Row],[Ecole/Prog/Dépt]]&NDF[[#This Row],[Ville]],"")))) -> EPITECH ITPARIS et RP | P25: =VLOOKUP(NDF[[#This Row],[Colonne1]],Paramétrage!$L$73:$M$223,2,FALSE) -> 0068 - IT PARIS | Q25: Montant NDF | R25: =HLOOKUP(NDF[[#This Row],[Evénement]],Paramétrage!$L$1:$P$2,2,0) -> #N/A | S25: =IF(AND(NDF[[#This Row],[Remboursement Calculé]]="",NDF[[#This Row],[Libellé de compte]]="en attente",NDF[[#This Row],[Type de dépense]]="Véhicule Personnel (trajet en Km Ecole/Salon)"),"Trajet ! Veuillez renseigner la puissance Fiscale de votre véhicule",IF(AND(NDF[[#This Row],[Evénement]]="Autre",NDF[[#This Row],[Type de dépense]]="Autre"),"En attente affectation par le comptable, renseigner un commentaire",IF(AND(NDF[[#This Row],[Remboursement Calculé]]>0,NDF[[#This Row],[Libellé de compte]]="en attente"),"Attention Evénement et Type de Dépense INCOMPATIBLES",IF(AND(NDF[[#This Row],[Type de dépense]]="Repas",OR(NDF[[#This Row],[Déjeuner/Dîner]]="",NDF[[#This Row],[Nb de pers]]="")),"Attention type de Dépense 'Repas' renseignez aussi le Type de Repas et/ou le nb de pers",IF(AND($B$7="",NDF[[#This Row],[Ville]]=""),"Ville non renseignée",IF(AND($B$6="",NDF[[#This Row],[Ecole/Prog/Dépt]]=""),"Ecole/Prog/Dépt non renseignés",""))))))
A26: 10 | K26: =IF(AND(NDF[[#This Row],[Type de dépense]]="Repas",NDF[[#This Row],[Déjeuner/Dîner]]="Dîner",Limit_Diner=0),NDF[[#This Row],[Total]],IF(AND(NDF[[#This Row],[Type de dépense]]="Repas",NDF[[#This Row],[Déjeuner/Dîner]]="Déjeuner",Limit_dej=0),NDF[[#This Row],[Total]],IF(AND(NDF[[#This Row],[Type de dépense]]="Hébergement",Hotel=0),NDF[[#This Row],[Total]],IF(AND(NDF[[#This Row],[Type de dépense]]="Hébergement",NDF[[#This Row],[Total]]>Hotel),Hotel,IF(AND(NDF[[#This Row],[Type de dépense]]="Véhicule Personnel (trajet en Km Ecole/Salon)",Puissance_Fiscale=""),"",IF(AND(NDF[[#This Row],[Type de dépense]]="Repas",NDF[[#This Row],[Déjeuner/Dîner]]<>0,NDF[[#This Row],[Nb de pers]]=""),"",IF(AND(NDF[[#This Row],[Type de dépense]]="Repas",NDF[[#This Row],[Déjeuner/Dîner]]="Déjeuner"),IF(NDF[[#This Row],[Total]]/NDF[[#This Row],[Nb de pers]]<(Limit_dej+0.01),NDF[[#This Row],[Total]],NDF[[#This Row],[Nb de pers]]*Limit_dej),IF(AND(NDF[[#This Row],[Type de dépense]]="Repas",NDF[[#This Row],[Déjeuner/Dîner]]="Dîner"),IF(NDF[[#This Row],[Total]]/NDF[[#This Row],[Nb de pers]]<Limit_Diner+0.01,NDF[[#This Row],[Total]],NDF[[#This Row],[Nb de pers]]*Limit_Diner),IF(NDF[[#This Row],[Type de dépense]]="Véhicule Personnel (trajet en Km Ecole/Salon)",NDF[[#This Row],[Total]]*Coeff_Fiscal,IF(AND(NDF[[#This Row],[Type de dépense]]="Repas",OR(NDF[[#This Row],[Déjeuner/Dîner]]="",NDF[[#This Row],[Nb de pers]]="")),"",NDF[[#This Row],[Total]])))))))))) -> 0 | L26: =IF(NDF[[#This Row],[Remboursement Calculé]]="","",IF(ISNA(INDEX(Mapping_Comptable[Libellé comptable],MATCH(CONCATENATE(NDF[[#This Row],[Evénement]],"/",NDF[[#This Row],[Type de dépense]]),Mapping_Comptable[Column1],0),0)),"en attente",IF(AND(NDF[[#This Row],[Type de dépense]]="Repas",OR(NDF[[#This Row],[Déjeuner/Dîner]]="",NDF[[#This Row],[Nb de pers]]="")),"",INDEX(Mapping_Comptable[Compte Comptable],MATCH(CONCATENATE(NDF[[#This Row],[Evénement]],"/",NDF[[#This Row],[Type de dépense]]),Mapping_Comptable[Column1],0),0)))) -> en attente | M26: =IF(NDF[[#This Row],[Remboursement Calculé]]="","en attente",IF(ISNA(INDEX(Mapping_Comptable[Libellé comptable],MATCH(CONCATENATE(NDF[[#This Row],[Evénement]],"/",NDF[[#This Row],[Type de dépense]]),Mapping_Comptable[Column1],0),0)),"en attente",IF(AND(NDF[[#This Row],[Type de dépense]]="Repas",OR(NDF[[#This Row],[Déjeuner/Dîner]]="",NDF[[#This Row],[Nb de pers]]="")),"",INDEX(Mapping_Comptable[Libellé comptable],MATCH(CONCATENATE(NDF[[#This Row],[Evénement]],"/",NDF[[#This Row],[Type de dépense]]),Mapping_Comptable[Column1],0),0)))) -> en attente | N26: =IF(B26="","",VLOOKUP(B26,Paramétrage!$E$2:$F$12,2,FALSE)) | O26: =IF(AND(NDF[[#This Row],[Ecole/Prog/Dépt]]="",NDF[[#This Row],[Ville]]=""),$B$6&$B$7,IF(AND(NDF[[#This Row],[Ecole/Prog/Dépt]]="",NDF[[#This Row],[Ville]]<>""),$B$6&NDF[[#This Row],[Ville]],IF(AND(NDF[[#This Row],[Ecole/Prog/Dépt]]<>"",NDF[[#This Row],[Ville]]=""),NDF[[#This Row],[Ecole/Prog/Dépt]]&$B$7,IF(AND(NDF[[#This Row],[Ecole/Prog/Dépt]]<>"",NDF[[#This Row],[Ville]]<>""),NDF[[#This Row],[Ecole/Prog/Dépt]]&NDF[[#This Row],[Ville]],"")))) -> EPITECH ITPARIS et RP | P26: =VLOOKUP(NDF[[#This Row],[Colonne1]],Paramétrage!$L$73:$M$223,2,FALSE) -> 0068 - IT PARIS | Q26: Montant NDF | R26: =HLOOKUP(NDF[[#This Row],[Evénement]],Paramétrage!$L$1:$P$2,2,0) -> #N/A | S26: =IF(AND(NDF[[#This Row],[Remboursement Calculé]]="",NDF[[#This Row],[Libellé de compte]]="en attente",NDF[[#This Row],[Type de dépense]]="Véhicule Personnel (trajet en Km Ecole/Salon)"),"Trajet ! Veuillez renseigner la puissance Fiscale de votre véhicule",IF(AND(NDF[[#This Row],[Evénement]]="Autre",NDF[[#This Row],[Type de dépense]]="Autre"),"En attente affectation par le comptable, renseigner un commentaire",IF(AND(NDF[[#This Row],[Remboursement Calculé]]>0,NDF[[#This Row],[Libellé de compte]]="en attente"),"Attention Evénement et Type de Dépense INCOMPATIBLES",IF(AND(NDF[[#This Row],[Type de dépense]]="Repas",OR(NDF[[#This Row],[Déjeuner/Dîner]]="",NDF[[#This Row],[Nb de pers]]="")),"Attention type de Dépense 'Repas' renseignez aussi le Type de Repas et/ou le nb de pers",IF(AND($B$7="",NDF[[#This Row],[Ville]]=""),"Ville non renseignée",IF(AND($B$6="",NDF[[#This Row],[Ecole/Prog/Dépt]]=""),"Ecole/Prog/Dépt non renseignés",""))))))
A27: 11 | K27: =IF(AND(NDF[[#This Row],[Type de dépense]]="Repas",NDF[[#This Row],[Déjeuner/Dîner]]="Dîner",Limit_Diner=0),NDF[[#This Row],[Total]],IF(AND(NDF[[#This Row],[Type de dépense]]="Repas",NDF[[#This Row],[Déjeuner/Dîner]]="Déjeuner",Limit_dej=0),NDF[[#This Row],[Total]],IF(AND(NDF[[#This Row],[Type de dépense]]="Hébergement",Hotel=0),NDF[[#This Row],[Total]],IF(AND(NDF[[#This Row],[Type de dépense]]="Hébergement",NDF[[#This Row],[Total]]>Hotel),Hotel,IF(AND(NDF[[#This Row],[Type de dépense]]="Véhicule Personnel (trajet en Km Ecole/Salon)",Puissance_Fiscale=""),"",IF(AND(NDF[[#This Row],[Type de dépense]]="Repas",NDF[[#This Row],[Déjeuner/Dîner]]<>0,NDF[[#This Row],[Nb de pers]]=""),"",IF(AND(NDF[[#This Row],[Type de dépense]]="Repas",NDF[[#This Row],[Déjeuner/Dîner]]="Déjeuner"),IF(NDF[[#This Row],[Total]]/NDF[[#This Row],[Nb de pers]]<(Limit_dej+0.01),NDF[[#This Row],[Total]],NDF[[#This Row],[Nb de pers]]*Limit_dej),IF(AND(NDF[[#This Row],[Type de dépense]]="Repas",NDF[[#This Row],[Déjeuner/Dîner]]="Dîner"),IF(NDF[[#This Row],[Total]]/NDF[[#This Row],[Nb de pers]]<Limit_Diner+0.01,NDF[[#This Row],[Total]],NDF[[#This Row],[Nb de pers]]*Limit_Diner),IF(NDF[[#This Row],[Type de dépense]]="Véhicule Personnel (trajet en Km Ecole/Salon)",NDF[[#This Row],[Total]]*Coeff_Fiscal,IF(AND(NDF[[#This Row],[Type de dépense]]="Repas",OR(NDF[[#This Row],[Déjeuner/Dîner]]="",NDF[[#This Row],[Nb de pers]]="")),"",NDF[[#This Row],[Total]])))))))))) -> 0 | L27: =IF(NDF[[#This Row],[Remboursement Calculé]]="","",IF(ISNA(INDEX(Mapping_Comptable[Libellé comptable],MATCH(CONCATENATE(NDF[[#This Row],[Evénement]],"/",NDF[[#This Row],[Type de dépense]]),Mapping_Comptable[Column1],0),0)),"en attente",IF(AND(NDF[[#This Row],[Type de dépense]]="Repas",OR(NDF[[#This Row],[Déjeuner/Dîner]]="",NDF[[#This Row],[Nb de pers]]="")),"",INDEX(Mapping_Comptable[Compte Comptable],MATCH(CONCATENATE(NDF[[#This Row],[Evénement]],"/",NDF[[#This Row],[Type de dépense]]),Mapping_Comptable[Column1],0),0)))) -> en attente | M27: =IF(NDF[[#This Row],[Remboursement Calculé]]="","en attente",IF(ISNA(INDEX(Mapping_Comptable[Libellé comptable],MATCH(CONCATENATE(NDF[[#This Row],[Evénement]],"/",NDF[[#This Row],[Type de dépense]]),Mapping_Comptable[Column1],0),0)),"en attente",IF(AND(NDF[[#This Row],[Type de dépense]]="Repas",OR(NDF[[#This Row],[Déjeuner/Dîner]]="",NDF[[#This Row],[Nb de pers]]="")),"",INDEX(Mapping_Comptable[Libellé comptable],MATCH(CONCATENATE(NDF[[#This Row],[Evénement]],"/",NDF[[#This Row],[Type de dépense]]),Mapping_Comptable[Column1],0),0)))) -> en attente | N27: =IF(B27="","",VLOOKUP(B27,Paramétrage!$E$2:$F$12,2,FALSE)) | O27: =IF(AND(NDF[[#This Row],[Ecole/Prog/Dépt]]="",NDF[[#This Row],[Ville]]=""),$B$6&$B$7,IF(AND(NDF[[#This Row],[Ecole/Prog/Dépt]]="",NDF[[#This Row],[Ville]]<>""),$B$6&NDF[[#This Row],[Ville]],IF(AND(NDF[[#This Row],[Ecole/Prog/Dépt]]<>"",NDF[[#This Row],[Ville]]=""),NDF[[#This Row],[Ecole/Prog/Dépt]]&$B$7,IF(AND(NDF[[#This Row],[Ecole/Prog/Dépt]]<>"",NDF[[#This Row],[Ville]]<>""),NDF[[#This Row],[Ecole/Prog/Dépt]]&NDF[[#This Row],[Ville]],"")))) -> EPITECH ITPARIS et RP | P27: =VLOOKUP(NDF[[#This Row],[Colonne1]],Paramétrage!$L$73:$M$223,2,FALSE) -> 0068 - IT PARIS | Q27: Montant NDF | R27: =HLOOKUP(NDF[[#This Row],[Evénement]],Paramétrage!$L$1:$P$2,2,0) -> #N/A | S27: =IF(AND(NDF[[#This Row],[Remboursement Calculé]]="",NDF[[#This Row],[Libellé de compte]]="en attente",NDF[[#This Row],[Type de dépense]]="Véhicule Personnel (trajet en Km Ecole/Salon)"),"Trajet ! Veuillez renseigner la puissance Fiscale de votre véhicule",IF(AND(NDF[[#This Row],[Evénement]]="Autre",NDF[[#This Row],[Type de dépense]]="Autre"),"En attente affectation par le comptable, renseigner un commentaire",IF(AND(NDF[[#This Row],[Remboursement Calculé]]>0,NDF[[#This Row],[Libellé de compte]]="en attente"),"Attention Evénement et Type de Dépense INCOMPATIBLES",IF(AND(NDF[[#This Row],[Type de dépense]]="Repas",OR(NDF[[#This Row],[Déjeuner/Dîner]]="",NDF[[#This Row],[Nb de pers]]="")),"Attention type de Dépense 'Repas' renseignez aussi le Type de Repas et/ou le nb de pers",IF(AND($B$7="",NDF[[#This Row],[Ville]]=""),"Ville non renseignée",IF(AND($B$6="",NDF[[#This Row],[Ecole/Prog/Dépt]]=""),"Ecole/Prog/Dépt non renseignés",""))))))
A28: 12 | K28: =IF(AND(NDF[[#This Row],[Type de dépense]]="Repas",NDF[[#This Row],[Déjeuner/Dîner]]="Dîner",Limit_Diner=0),NDF[[#This Row],[Total]],IF(AND(NDF[[#This Row],[Type de dépense]]="Repas",NDF[[#This Row],[Déjeuner/Dîner]]="Déjeuner",Limit_dej=0),NDF[[#This Row],[Total]],IF(AND(NDF[[#This Row],[Type de dépense]]="Hébergement",Hotel=0),NDF[[#This Row],[Total]],IF(AND(NDF[[#This Row],[Type de dépense]]="Hébergement",NDF[[#This Row],[Total]]>Hotel),Hotel,IF(AND(NDF[[#This Row],[Type de dépense]]="Véhicule Personnel (trajet en Km Ecole/Salon)",Puissance_Fiscale=""),"",IF(AND(NDF[[#This Row],[Type de dépense]]="Repas",NDF[[#This Row],[Déjeuner/Dîner]]<>0,NDF[[#This Row],[Nb de pers]]=""),"",IF(AND(NDF[[#This Row],[Type de dépense]]="Repas",NDF[[#This Row],[Déjeuner/Dîner]]="Déjeuner"),IF(NDF[[#This Row],[Total]]/NDF[[#This Row],[Nb de pers]]<(Limit_dej+0.01),NDF[[#This Row],[Total]],NDF[[#This Row],[Nb de pers]]*Limit_dej),IF(AND(NDF[[#This Row],[Type de dépense]]="Repas",NDF[[#This Row],[Déjeuner/Dîner]]="Dîner"),IF(NDF[[#This Row],[Total]]/NDF[[#This Row],[Nb de pers]]<Limit_Diner+0.01,NDF[[#This Row],[Total]],NDF[[#This Row],[Nb de pers]]*Limit_Diner),IF(NDF[[#This Row],[Type de dépense]]="Véhicule Personnel (trajet en Km Ecole/Salon)",NDF[[#This Row],[Total]]*Coeff_Fiscal,IF(AND(NDF[[#This Row],[Type de dépense]]="Repas",OR(NDF[[#This Row],[Déjeuner/Dîner]]="",NDF[[#This Row],[Nb de pers]]="")),"",NDF[[#This Row],[Total]])))))))))) -> 0 | L28: =IF(NDF[[#This Row],[Remboursement Calculé]]="","",IF(ISNA(INDEX(Mapping_Comptable[Libellé comptable],MATCH(CONCATENATE(NDF[[#This Row],[Evénement]],"/",NDF[[#This Row],[Type de dépense]]),Mapping_Comptable[Column1],0),0)),"en attente",IF(AND(NDF[[#This Row],[Type de dépense]]="Repas",OR(NDF[[#This Row],[Déjeuner/Dîner]]="",NDF[[#This Row],[Nb de pers]]="")),"",INDEX(Mapping_Comptable[Compte Comptable],MATCH(CONCATENATE(NDF[[#This Row],[Evénement]],"/",NDF[[#This Row],[Type de dépense]]),Mapping_Comptable[Column1],0),0)))) -> en attente | M28: =IF(NDF[[#This Row],[Remboursement Calculé]]="","en attente",IF(ISNA(INDEX(Mapping_Comptable[Libellé comptable],MATCH(CONCATENATE(NDF[[#This Row],[Evénement]],"/",NDF[[#This Row],[Type de dépense]]),Mapping_Comptable[Column1],0),0)),"en attente",IF(AND(NDF[[#This Row],[Type de dépense]]="Repas",OR(NDF[[#This Row],[Déjeuner/Dîner]]="",NDF[[#This Row],[Nb de pers]]="")),"",INDEX(Mapping_Comptable[Libellé comptable],MATCH(CONCATENATE(NDF[[#This Row],[Evénement]],"/",NDF[[#This Row],[Type de dépense]]),Mapping_Comptable[Column1],0),0)))) -> en attente | N28: =IF(B28="","",VLOOKUP(B28,Paramétrage!$E$2:$F$12,2,FALSE)) | O28: =IF(AND(NDF[[#This Row],[Ecole/Prog/Dépt]]="",NDF[[#This Row],[Ville]]=""),$B$6&$B$7,IF(AND(NDF[[#This Row],[Ecole/Prog/Dépt]]="",NDF[[#This Row],[Ville]]<>""),$B$6&NDF[[#This Row],[Ville]],IF(AND(NDF[[#This Row],[Ecole/Prog/Dépt]]<>"",NDF[[#This Row],[Ville]]=""),NDF[[#This Row],[Ecole/Prog/Dépt]]&$B$7,IF(AND(NDF[[#This Row],[Ecole/Prog/Dépt]]<>"",NDF[[#This Row],[Ville]]<>""),NDF[[#This Row],[Ecole/Prog/Dépt]]&NDF[[#This Row],[Ville]],"")))) -> EPITECH ITPARIS et RP | P28: =VLOOKUP(NDF[[#This Row],[Colonne1]],Paramétrage!$L$73:$M$223,2,FALSE) -> 0068 - IT PARIS | Q28: Montant NDF | R28: =HLOOKUP(NDF[[#This Row],[Evénement]],Paramétrage!$L$1:$P$2,2,0) -> #N/A | S28: =IF(AND(NDF[[#This Row],[Remboursement Calculé]]="",NDF[[#This Row],[Libellé de compte]]="en attente",NDF[[#This Row],[Type de dépense]]="Véhicule Personnel (trajet en Km Ecole/Salon)"),"Trajet ! Veuillez renseigner la puissance Fiscale de votre véhicule",IF(AND(NDF[[#This Row],[Evénement]]="Autre",NDF[[#This Row],[Type de dépense]]="Autre"),"En attente affectation par le comptable, renseigner un commentaire",IF(AND(NDF[[#This Row],[Remboursement Calculé]]>0,NDF[[#This Row],[Libellé de compte]]="en attente"),"Attention Evénement et Type de Dépense INCOMPATIBLES",IF(AND(NDF[[#This Row],[Type de dépense]]="Repas",OR(NDF[[#This Row],[Déjeuner/Dîner]]="",NDF[[#This Row],[Nb de pers]]="")),"Attention type de Dépense 'Repas' renseignez aussi le Type de Repas et/ou le nb de pers",IF(AND($B$7="",NDF[[#This Row],[Ville]]=""),"Ville non renseignée",IF(AND($B$6="",NDF[[#This Row],[Ecole/Prog/Dépt]]=""),"Ecole/Prog/Dépt non renseignés",""))))))
A29: 13 | K29: =IF(AND(NDF[[#This Row],[Type de dépense]]="Repas",NDF[[#This Row],[Déjeuner/Dîner]]="Dîner",Limit_Diner=0),NDF[[#This Row],[Total]],IF(AND(NDF[[#This Row],[Type de dépense]]="Repas",NDF[[#This Row],[Déjeuner/Dîner]]="Déjeuner",Limit_dej=0),NDF[[#This Row],[Total]],IF(AND(NDF[[#This Row],[Type de dépense]]="Hébergement",Hotel=0),NDF[[#This Row],[Total]],IF(AND(NDF[[#This Row],[Type de dépense]]="Hébergement",NDF[[#This Row],[Total]]>Hotel),Hotel,IF(AND(NDF[[#This Row],[Type de dépense]]="Véhicule Personnel (trajet en Km Ecole/Salon)",Puissance_Fiscale=""),"",IF(AND(NDF[[#This Row],[Type de dépense]]="Repas",NDF[[#This Row],[Déjeuner/Dîner]]<>0,NDF[[#This Row],[Nb de pers]]=""),"",IF(AND(NDF[[#This Row],[Type de dépense]]="Repas",NDF[[#This Row],[Déjeuner/Dîner]]="Déjeuner"),IF(NDF[[#This Row],[Total]]/NDF[[#This Row],[Nb de pers]]<(Limit_dej+0.01),NDF[[#This Row],[Total]],NDF[[#This Row],[Nb de pers]]*Limit_dej),IF(AND(NDF[[#This Row],[Type de dépense]]="Repas",NDF[[#This Row],[Déjeuner/Dîner]]="Dîner"),IF(NDF[[#This Row],[Total]]/NDF[[#This Row],[Nb de pers]]<Limit_Diner+0.01,NDF[[#This Row],[Total]],NDF[[#This Row],[Nb de pers]]*Limit_Diner),IF(NDF[[#This Row],[Type de dépense]]="Véhicule Personnel (trajet en Km Ecole/Salon)",NDF[[#This Row],[Total]]*Coeff_Fiscal,IF(AND(NDF[[#This Row],[Type de dépense]]="Repas",OR(NDF[[#This Row],[Déjeuner/Dîner]]="",NDF[[#This Row],[Nb de pers]]="")),"",NDF[[#This Row],[Total]])))))))))) -> 0 | L29: =IF(NDF[[#This Row],[Remboursement Calculé]]="","",IF(ISNA(INDEX(Mapping_Comptable[Libellé comptable],MATCH(CONCATENATE(NDF[[#This Row],[Evénement]],"/",NDF[[#This Row],[Type de dépense]]),Mapping_Comptable[Column1],0),0)),"en attente",IF(AND(NDF[[#This Row],[Type de dépense]]="Repas",OR(NDF[[#This Row],[Déjeuner/Dîner]]="",NDF[[#This Row],[Nb de pers]]="")),"",INDEX(Mapping_Comptable[Compte Comptable],MATCH(CONCATENATE(NDF[[#This Row],[Evénement]],"/",NDF[[#This Row],[Type de dépense]]),Mapping_Comptable[Column1],0),0)))) -> en attente | M29: =IF(NDF[[#This Row],[Remboursement Calculé]]="","en attente",IF(ISNA(INDEX(Mapping_Comptable[Libellé comptable],MATCH(CONCATENATE(NDF[[#This Row],[Evénement]],"/",NDF[[#This Row],[Type de dépense]]),Mapping_Comptable[Column1],0),0)),"en attente",IF(AND(NDF[[#This Row],[Type de dépense]]="Repas",OR(NDF[[#This Row],[Déjeuner/Dîner]]="",NDF[[#This Row],[Nb de pers]]="")),"",INDEX(Mapping_Comptable[Libellé comptable],MATCH(CONCATENATE(NDF[[#This Row],[Evénement]],"/",NDF[[#This Row],[Type de dépense]]),Mapping_Comptable[Column1],0),0)))) -> en attente | N29: =IF(B29="","",VLOOKUP(B29,Paramétrage!$E$2:$F$12,2,FALSE)) | O29: =IF(AND(NDF[[#This Row],[Ecole/Prog/Dépt]]="",NDF[[#This Row],[Ville]]=""),$B$6&$B$7,IF(AND(NDF[[#This Row],[Ecole/Prog/Dépt]]="",NDF[[#This Row],[Ville]]<>""),$B$6&NDF[[#This Row],[Ville]],IF(AND(NDF[[#This Row],[Ecole/Prog/Dépt]]<>"",NDF[[#This Row],[Ville]]=""),NDF[[#This Row],[Ecole/Prog/Dépt]]&$B$7,IF(AND(NDF[[#This Row],[Ecole/Prog/Dépt]]<>"",NDF[[#This Row],[Ville]]<>""),NDF[[#This Row],[Ecole/Prog/Dépt]]&NDF[[#This Row],[Ville]],"")))) -> EPITECH ITPARIS et RP | P29: =VLOOKUP(NDF[[#This Row],[Colonne1]],Paramétrage!$L$73:$M$223,2,FALSE) -> 0068 - IT PARIS | Q29: Montant NDF | R29: =HLOOKUP(NDF[[#This Row],[Evénement]],Paramétrage!$L$1:$P$2,2,0) -> #N/A | S29: =IF(AND(NDF[[#This Row],[Remboursement Calculé]]="",NDF[[#This Row],[Libellé de compte]]="en attente",NDF[[#This Row],[Type de dépense]]="Véhicule Personnel (trajet en Km Ecole/Salon)"),"Trajet ! Veuillez renseigner la puissance Fiscale de votre véhicule",IF(AND(NDF[[#This Row],[Evénement]]="Autre",NDF[[#This Row],[Type de dépense]]="Autre"),"En attente affectation par le comptable, renseigner un commentaire",IF(AND(NDF[[#This Row],[Remboursement Calculé]]>0,NDF[[#This Row],[Libellé de compte]]="en attente"),"Attention Evénement et Type de Dépense INCOMPATIBLES",IF(AND(NDF[[#This Row],[Type de dépense]]="Repas",OR(NDF[[#This Row],[Déjeuner/Dîner]]="",NDF[[#This Row],[Nb de pers]]="")),"Attention type de Dépense 'Repas' renseignez aussi le Type de Repas et/ou le nb de pers",IF(AND($B$7="",NDF[[#This Row],[Ville]]=""),"Ville non renseignée",IF(AND($B$6="",NDF[[#This Row],[Ecole/Prog/Dépt]]=""),"Ecole/Prog/Dépt non renseignés",""))))))
A30: 14 | K30: =IF(AND(NDF[[#This Row],[Type de dépense]]="Repas",NDF[[#This Row],[Déjeuner/Dîner]]="Dîner",Limit_Diner=0),NDF[[#This Row],[Total]],IF(AND(NDF[[#This Row],[Type de dépense]]="Repas",NDF[[#This Row],[Déjeuner/Dîner]]="Déjeuner",Limit_dej=0),NDF[[#This Row],[Total]],IF(AND(NDF[[#This Row],[Type de dépense]]="Hébergement",Hotel=0),NDF[[#This Row],[Total]],IF(AND(NDF[[#This Row],[Type de dépense]]="Hébergement",NDF[[#This Row],[Total]]>Hotel),Hotel,IF(AND(NDF[[#This Row],[Type de dépense]]="Véhicule Personnel (trajet en Km Ecole/Salon)",Puissance_Fiscale=""),"",IF(AND(NDF[[#This Row],[Type de dépense]]="Repas",NDF[[#This Row],[Déjeuner/Dîner]]<>0,NDF[[#This Row],[Nb de pers]]=""),"",IF(AND(NDF[[#This Row],[Type de dépense]]="Repas",NDF[[#This Row],[Déjeuner/Dîner]]="Déjeuner"),IF(NDF[[#This Row],[Total]]/NDF[[#This Row],[Nb de pers]]<(Limit_dej+0.01),NDF[[#This Row],[Total]],NDF[[#This Row],[Nb de pers]]*Limit_dej),IF(AND(NDF[[#This Row],[Type de dépense]]="Repas",NDF[[#This Row],[Déjeuner/Dîner]]="Dîner"),IF(NDF[[#This Row],[Total]]/NDF[[#This Row],[Nb de pers]]<Limit_Diner+0.01,NDF[[#This Row],[Total]],NDF[[#This Row],[Nb de pers]]*Limit_Diner),IF(NDF[[#This Row],[Type de dépense]]="Véhicule Personnel (trajet en Km Ecole/Salon)",NDF[[#This Row],[Total]]*Coeff_Fiscal,IF(AND(NDF[[#This Row],[Type de dépense]]="Repas",OR(NDF[[#This Row],[Déjeuner/Dîner]]="",NDF[[#This Row],[Nb de pers]]="")),"",NDF[[#This Row],[Total]])))))))))) -> 0 | L30: =IF(NDF[[#This Row],[Remboursement Calculé]]="","",IF(ISNA(INDEX(Mapping_Comptable[Libellé comptable],MATCH(CONCATENATE(NDF[[#This Row],[Evénement]],"/",NDF[[#This Row],[Type de dépense]]),Mapping_Comptable[Column1],0),0)),"en attente",IF(AND(NDF[[#This Row],[Type de dépense]]="Repas",OR(NDF[[#This Row],[Déjeuner/Dîner]]="",NDF[[#This Row],[Nb de pers]]="")),"",INDEX(Mapping_Comptable[Compte Comptable],MATCH(CONCATENATE(NDF[[#This Row],[Evénement]],"/",NDF[[#This Row],[Type de dépense]]),Mapping_Comptable[Column1],0),0)))) -> en attente | M30: =IF(NDF[[#This Row],[Remboursement Calculé]]="","en attente",IF(ISNA(INDEX(Mapping_Comptable[Libellé comptable],MATCH(CONCATENATE(NDF[[#This Row],[Evénement]],"/",NDF[[#This Row],[Type de dépense]]),Mapping_Comptable[Column1],0),0)),"en attente",IF(AND(NDF[[#This Row],[Type de dépense]]="Repas",OR(NDF[[#This Row],[Déjeuner/Dîner]]="",NDF[[#This Row],[Nb de pers]]="")),"",INDEX(Mapping_Comptable[Libellé comptable],MATCH(CONCATENATE(NDF[[#This Row],[Evénement]],"/",NDF[[#This Row],[Type de dépense]]),Mapping_Comptable[Column1],0),0)))) -> en attente | N30: =IF(B30="","",VLOOKUP(B30,Paramétrage!$E$2:$F$12,2,FALSE)) | O30: =IF(AND(NDF[[#This Row],[Ecole/Prog/Dépt]]="",NDF[[#This Row],[Ville]]=""),$B$6&$B$7,IF(AND(NDF[[#This Row],[Ecole/Prog/Dépt]]="",NDF[[#This Row],[Ville]]<>""),$B$6&NDF[[#This Row],[Ville]],IF(AND(NDF[[#This Row],[Ecole/Prog/Dépt]]<>"",NDF[[#This Row],[Ville]]=""),NDF[[#This Row],[Ecole/Prog/Dépt]]&$B$7,IF(AND(NDF[[#This Row],[Ecole/Prog/Dépt]]<>"",NDF[[#This Row],[Ville]]<>""),NDF[[#This Row],[Ecole/Prog/Dépt]]&NDF[[#This Row],[Ville]],"")))) -> EPITECH ITPARIS et RP | P30: =VLOOKUP(NDF[[#This Row],[Colonne1]],Paramétrage!$L$73:$M$223,2,FALSE) -> 0068 - IT PARIS | Q30: Montant NDF | R30: =HLOOKUP(NDF[[#This Row],[Evénement]],Paramétrage!$L$1:$P$2,2,0) -> #N/A | S30: =IF(AND(NDF[[#This Row],[Remboursement Calculé]]="",NDF[[#This Row],[Libellé de compte]]="en attente",NDF[[#This Row],[Type de dépense]]="Véhicule Personnel (trajet en Km Ecole/Salon)"),"Trajet ! Veuillez renseigner la puissance Fiscale de votre véhicule",IF(AND(NDF[[#This Row],[Evénement]]="Autre",NDF[[#This Row],[Type de dépense]]="Autre"),"En attente affectation par le comptable, renseigner un commentaire",IF(AND(NDF[[#This Row],[Remboursement Calculé]]>0,NDF[[#This Row],[Libellé de compte]]="en attente"),"Attention Evénement et Type de Dépense INCOMPATIBLES",IF(AND(NDF[[#This Row],[Type de dépense]]="Repas",OR(NDF[[#This Row],[Déjeuner/Dîner]]="",NDF[[#This Row],[Nb de pers]]="")),"Attention type de Dépense 'Repas' renseignez aussi le Type de Repas et/ou le nb de pers",IF(AND($B$7="",NDF[[#This Row],[Ville]]=""),"Ville non renseignée",IF(AND($B$6="",NDF[[#This Row],[Ecole/Prog/Dépt]]=""),"Ecole/Prog/Dépt non renseignés",""))))))
... A36: 20 | K36: =IF(AND(NDF[[#This Row],[Type de dépense]]="Repas",NDF[[#This Row],[Déjeuner/Dîner]]="Dîner",Limit_Diner=0),NDF[[#This Row],[Total]],IF(AND(NDF[[#This Row],[Type de dépense]]="Repas",NDF[[#This Row],[Déjeuner/Dîner]]="Déjeuner",Limit_dej=0),NDF[[#This Row],[Total]],IF(AND(NDF[[#This Row],[Type de dépense]]="Hébergement",Hotel=0),NDF[[#This Row],[Total]],IF(AND(NDF[[#This Row],[Type de dépense]]="Hébergement",NDF[[#This Row],[Total]]>Hotel),Hotel,IF(AND(NDF[[#This Row],[Type de dépense]]="Véhicule Personnel (trajet en Km Ecole/Salon)",Puissance_Fiscale=""),"",IF(AND(NDF[[#This Row],[Type de dépense]]="Repas",NDF[[#This Row],[Déjeuner/Dîner]]<>0,NDF[[#This Row],[Nb de pers]]=""),"",IF(AND(NDF[[#This Row],[Type de dépense]]="Repas",NDF[[#This Row],[Déjeuner/Dîner]]="Déjeuner"),IF(NDF[[#This Row],[Total]]/NDF[[#This Row],[Nb de pers]]<(Limit_dej+0.01),NDF[[#This Row],[Total]],NDF[[#This Row],[Nb de pers]]*Limit_dej),IF(AND(NDF[[#This Row],[Type de dépense]]="Repas",NDF[[#This Row],[Déjeuner/Dîner]]="Dîner"),IF(NDF[[#This Row],[Total]]/NDF[[#This Row],[Nb de pers]]<Limit_Diner+0.01,NDF[[#This Row],[Total]],NDF[[#This Row],[Nb de pers]]*Limit_Diner),IF(NDF[[#This Row],[Type de dépense]]="Véhicule Personnel (trajet en Km Ecole/Salon)",NDF[[#This Row],[Total]]*Coeff_Fiscal,IF(AND(NDF[[#This Row],[Type de dépense]]="Repas",OR(NDF[[#This Row],[Déjeuner/Dîner]]="",NDF[[#This Row],[Nb de pers]]="")),"",NDF[[#This Row],[Total]])))))))))) -> 0 | L36: =IF(NDF[[#This Row],[Remboursement Calculé]]="","",IF(ISNA(INDEX(Mapping_Comptable[Libellé comptable],MATCH(CONCATENATE(NDF[[#This Row],[Evénement]],"/",NDF[[#This Row],[Type de dépense]]),Mapping_Comptable[Column1],0),0)),"en attente",IF(AND(NDF[[#This Row],[Type de dépense]]="Repas",OR(NDF[[#This Row],[Déjeuner/Dîner]]="",NDF[[#This Row],[Nb de pers]]="")),"",INDEX(Mapping_Comptable[Compte Comptable],MATCH(CONCATENATE(NDF[[#This Row],[Evénement]],"/",NDF[[#This Row],[Type de dépense]]),Mapping_Comptable[Column1],0),0)))) -> en attente | M36: =IF(NDF[[#This Row],[Remboursement Calculé]]="","en attente",IF(ISNA(INDEX(Mapping_Comptable[Libellé comptable],MATCH(CONCATENATE(NDF[[#This Row],[Evénement]],"/",NDF[[#This Row],[Type de dépense]]),Mapping_Comptable[Column1],0),0)),"en attente",IF(AND(NDF[[#This Row],[Type de dépense]]="Repas",OR(NDF[[#This Row],[Déjeuner/Dîner]]="",NDF[[#This Row],[Nb de pers]]="")),"",INDEX(Mapping_Comptable[Libellé comptable],MATCH(CONCATENATE(NDF[[#This Row],[Evénement]],"/",NDF[[#This Row],[Type de dépense]]),Mapping_Comptable[Column1],0),0)))) -> en attente | N36: =IF(B36="","",VLOOKUP(B36,Paramétrage!$E$2:$F$12,2,FALSE)) | O36: =IF(AND(NDF[[#This Row],[Ecole/Prog/Dépt]]="",NDF[[#This Row],[Ville]]=""),$B$6&$B$7,IF(AND(NDF[[#This Row],[Ecole/Prog/Dépt]]="",NDF[[#This Row],[Ville]]<>""),$B$6&NDF[[#This Row],[Ville]],IF(AND(NDF[[#This Row],[Ecole/Prog/Dépt]]<>"",NDF[[#This Row],[Ville]]=""),NDF[[#This Row],[Ecole/Prog/Dépt]]&$B$7,IF(AND(NDF[[#This Row],[Ecole/Prog/Dépt]]<>"",NDF[[#This Row],[Ville]]<>""),NDF[[#This Row],[Ecole/Prog/Dépt]]&NDF[[#This Row],[Ville]],"")))) -> EPITECH ITPARIS et RP | P36: =VLOOKUP(NDF[[#This Row],[Colonne1]],Paramétrage!$L$73:$M$223,2,FALSE) -> 0068 - IT PARIS | Q36: Montant NDF | R36: =HLOOKUP(NDF[[#This Row],[Evénement]],Paramétrage!$L$1:$P$2,2,0) -> #N/A | S36: =IF(AND(NDF[[#This Row],[Remboursement Calculé]]="",NDF[[#This Row],[Libellé de compte]]="en attente",NDF[[#This Row],[Type de dépense]]="Véhicule Personnel (trajet en Km Ecole/Salon)"),"Trajet ! Veuillez renseigner la puissance Fiscale de votre véhicule",IF(AND(NDF[[#This Row],[Evénement]]="Autre",NDF[[#This Row],[Type de dépense]]="Autre"),"En attente affectation par le comptable, renseigner un commentaire",IF(AND(NDF[[#This Row],[Remboursement Calculé]]>0,NDF[[#This Row],[Libellé de compte]]="en attente"),"Attention Evénement et Type de Dépense INCOMPATIBLES",IF(AND(NDF[[#This Row],[Type de dépense]]="Repas",OR(NDF[[#This Row],[Déjeuner/Dîner]]="",NDF[[#This Row],[Nb de pers]]="")),"Attention type de Dépense 'Repas' renseignez aussi le Type de Repas et/ou le nb de pers",IF(AND($B$7="",NDF[[#This Row],[Ville]]=""),"Ville non renseignée",IF(AND($B$6="",NDF[[#This Row],[Ecole/Prog/Dépt]]=""),"Ecole/Prog/Dépt non renseignés",""))))))
B39: Date et Signature du Salarié : | G39: Date et Signature du Responsable :
C42: =IF('NDF A IMPRIMER pour comptable '!E3=K15,"","ERREUR - Le montant du tableau croisé dynamique est différent de la somme des lignes de la NDF, veuillez actualiser le tableau croisé dynamique - ERREUR")
A46: JOINDRE A CE DETAIL L'ONGLET "NDF A IMPRIMER pour comptable" SANS QUOI L'ECRITURE COMPTABLE NE SERA PAS PASSEE ET LE REMBOURSEMENT N'AURA PAS LIEU | P46: Page 1 / 2

Sheet NDF A IMPRIMER pour comptable 
A1: Récap Comptable
A2: Montant NDF | B2: Numéro de compte | C2: Libellé de compte | D2: Section Ana | E2: NDF €
A3: Montant NDF | E3: 34.18
B4: 46760643 | C4: FOURNITURES DIVERS INFORMATIQUE | D4: 0068 - IT PARIS | E4: 34.18
B5: en attente | C5: en attente | D5: 0068 - IT PARIS | E5: 0
A6: Grand Total | E6: 34.18
H33: Page 2 / 2

Sheet Paramétrage
A1: IONIS | E1: Ecole/Programme/département | G1: Liste Déroulantes | L1: Autre | M1: Séminaire interne | N1: JPO-Visite Lycée-Session découverte | O1: Salons | P1: Communication événementielle
A2: Barème Fiscal automobile 2020 | G2: Evénement | H2: Type de dépenses | I2: type de repas | J2: Avance | L2: AUTRE | M2: SEM | N2: JPO | O2: SALON | P2: COMEVE
E3: Tous programme | F3: CORP
A4: Puissance administrative | B4: Jusqu'à 5 000 km | E4: EPITECH IT | F4: IT | G4: JPO-Visite Lycée-Session découverte | H4: Achat Média hors WEB | I4: Déjeuner | J4: Oui | L4: Achat Média hors WEB | M4: Hébergement | N4: Hébergement | O4: Hébergement | P4: Hébergement
A5: 3 CV | B5: km x 0,41 | C5: 0.456 | D5: 3 | E5: EPITECH DIGITAL | F5: DIGITAL | G5: Salons | H5: Achat Média WEB | I5: Dîner | J5: Non | L5: Achat Média WEB | M5: Repas | N5: Repas | O5: Repas | P5: Repas
A6: 4 CV | B6: km x 0,493 | C6: 0.523 | D6: 4 | E6: Relations Internationales | F6: RI | G6: Communication événementielle | H6: Achats Informatiques | L6: Achats Informatiques | M6: Taxi - Train - Avion - Péage - Parking | N6: Taxi - Train - Avion - Péage - Parking | O6: Taxi - Train - Avion - Péage - Parking | P6: Taxi - Train - Avion - Péage - Parking
A7: 5 CV | B7: km x 0,543 | C7: 0.548 | D7: 5 | E7: CEI | F7: CEI | G7: Séminaire interne | H7: Autre | L7: Fournitures de bureau | M7: Véhicule Personnel (trajet en Km Ecole/Salon) | N7: Véhicule Personnel (trajet en Km Ecole/Salon) | O7: Véhicule Personnel (trajet en Km Ecole/Salon) | P7: Véhicule Personnel (trajet en Km Ecole/Salon)
A8: 6 CV | B8: km x 0,568 | C8: 0.574 | D8: 6 | E8: Relations Entreprises | F8: RE | G8: Autre | H8: Fournitures de bureau | L8: Fournitures pédagogique (support de cours etc) | M8: Autre | N8: Autre | O8: Autre | P8: Autre
A9: 7 CV ou plus | B9: km x 0,595 | C9: 0.601 | D9: 7 | E9: WAC | F9: WAC | H9: Fournitures pédagogique (support de cours etc) | L9: Frais de téléphone
A10: plus de 7CV | B10: km x 0,595 | C10: 0.601 | D10: >7 | E10: CODING | F10: CODING | H10: Frais de téléphone | L10: Frais Postaux
E11: SAMSUNG | F11: SAMSUNG | H11: Frais Postaux | L11: Hébergement
E12: WAC/CODING/SAMSUNG | F12: WCS | H12: Hébergement | L12: Impressions Editions
B13: Plafonds d'indémnisation | C13: montant | H13: Impressions Editions | L13: Repas
B14: dejeuner | C14: 9 | H14: Repas | L14: Taxi - Train - Avion - Péage - Parking
B15: diner | C15: 18 | H15: Taxi - Train - Avion - Péage - Parking | L15: Véhicule Personnel (trajet en Km Ecole/Salon)
B16: Hébergement | C16: 100 | H16: Véhicule Personnel (trajet en Km Ecole/Salon) | L16: Veille Technologique (Colloque, revue, etc)
H17: Veille Technologique (Colloque, revue, etc) | L17: Voyage et séminaire étudiants (HORS Salons, JPO, opération com)
H18: Voyage et séminaire étudiants (HORS Salons, JPO, opération com) | L18: Autre
K20: Ville | L20: CORP | M20: IT | N20: DIGITAL | O20: RI | P20: CEI | Q20: RE | R20: WAC | S20: CODING | T20: SAMSUNG | U20: WCS
A21: Mapping Comptable | H21: Villes : | I21: Section analytique :
A22: Evènement | B22: Type de Dépense | C22: Compte Comptable | D22: Libellé comptable | E22: Column1 | K22: NATIONAL | L22: NATIONAL | M22: NATIONAL | N22: NATIONAL | O22: NATIONAL | P22: NATIONAL | Q22: NATIONAL | R22: NATIONAL | S22: NATIONAL | U22: NATIONAL
A23: Autre | B23: Achat Média hors WEB | C23: 46762363 | D23: ACHAT MEDIAS GRAND PUBLIC | E23: =CONCATENATE(Mapping_Comptable[[#This Row],[Evènement]],"/",Mapping_Comptable[[#This Row],[Type de Dépense]]) -> Autre/Achat Média hors WEB | H23: National | I23: 0003 - NATIONALE | K23: PARIS et RP | L23: PARIS et RP | M23: PARIS et RP | N23: PARIS et RP | R23: PARIS et RP | S23: PARIS et RP | T23: PARIS et RP
A24: Autre | B24: Achat Média WEB | C24: 46762369 | D24: AUTRES ACHATS WEB | E24: =CONCATENATE(Mapping_Comptable[[#This Row],[Evènement]],"/",Mapping_Comptable[[#This Row],[Type de Dépense]]) -> Autre/Achat Média WEB | H24: Bordeaux | I24: 0006 - BORDEAUX | K24: BORDEAUX | L24: BORDEAUX | M24: BORDEAUX | N24: BORDEAUX | R24: BORDEAUX | S24: BORDEAUX
A25: Autre | B25: Achats Informatiques | C25: 46760643 | D25: FOURNITURES DIVERS INFORMATIQUE | E25: =CONCATENATE(Mapping_Comptable[[#This Row],[Evènement]],"/",Mapping_Comptable[[#This Row],[Type de Dépense]]) -> Autre/Achats Informatiques | H25: Lille | I25: Analytique inexistant | K25: LA REUNION | L25: LA REUNION | M25: LA REUNION | N25: LA REUNION | R25: LA REUNION | S25: LA REUNION
A26: Autre | B26: Fournitures de bureau | C26: 46760640 | D26: FOURNITURES ADMINISTRATIVES | E26: =CONCATENATE(Mapping_Comptable[[#This Row],[Evènement]],"/",Mapping_Comptable[[#This Row],[Type de Dépense]]) -> Autre/Fournitures de bureau | H26: Lyon | I26: 0004 - LYON | K26: LILLE | L26: LILLE | M26: LILLE | N26: LILLE | R26: LILLE | S26: LILLE
A27: Autre | B27: Fournitures pédagogique (support de cours etc) | C27: 46760642 | D27: FOURNITURES PEDAGOGIQUES | E27: =CONCATENATE(Mapping_Comptable[[#This Row],[Evènement]],"/",Mapping_Comptable[[#This Row],[Type de Dépense]]) -> Autre/Fournitures pédagogique (support de cours etc) | H27: Marseille | I27: 0005 - MARSEILLE | K27: LYON | L27: LYON | M27: LYON | N27: LYON | R27: LYON | S27: LYON
A28: Autre | B28: Frais de téléphone | C28: 46762620 | D28: TELEPHONE | E28: =CONCATENATE(Mapping_Comptable[[#This Row],[Evènement]],"/",Mapping_Comptable[[#This Row],[Type de Dépense]]) -> Autre/Frais de téléphone | H28: Montpellier | I28: Analytique inexistant | K28: MARSEILLE | L28: MARSEILLE | M28: MARSEILLE | N28: MARSEILLE | R28: MARSEILLE | S28: MARSEILLE
A29: Autre | B29: Frais Postaux | C29: 46762610 | D29: FRAIS POSTAUX | E29: =CONCATENATE(Mapping_Comptable[[#This Row],[Evènement]],"/",Mapping_Comptable[[#This Row],[Type de Dépense]]) -> Autre/Frais Postaux | H29: Nantes | I29: Analytique inexistant | K29: MONTPELLIER | L29: MONTPELLIER | M29: MONTPELLIER | N29: MONTPELLIER | R29: MONTPELLIER | S29: MONTPELLIER
A30: Autre | B30: Hébergement | C30: 46762570 | D30: VOYAGES ET DEPLACEMENTS | E30: =CONCATENATE(Mapping_Comptable[[#This Row],[Evènement]],"/",Mapping_Comptable[[#This Row],[Type de Dépense]]) -> Autre/Hébergement | H30: Paris et RP | I30: 0001 - PARIS | K30: MULHOUSE | L30: MULHOUSE | M30: MULHOUSE | N30: MULHOUSE
A31: Autre | B31: Impressions Editions | C31: 46762376 | D31: AUTRES EDITIONS | E31: =CONCATENATE(Mapping_Comptable[[#This Row],[Evènement]],"/",Mapping_Comptable[[#This Row],[Type de Dépense]]) -> Autre/Impressions Editions | H31: Rennes | I31: Analytique inexistant | K31: NANCY | L31: NANCY | M31: NANCY | N31: NANCY | R31: NANCY | S31: NANCY
A32: Autre | B32: Repas | C32: 46762560 | D32: MISSIONS ET RECEPTIONS | E32: =CONCATENATE(Mapping_Comptable[[#This Row],[Evènement]],"/",Mapping_Comptable[[#This Row],[Type de Dépense]]) -> Autre/Repas | H32: Strasbourg | I32: Analytique inexistant | K32: NANTES | L32: NANTES | M32: NANTES | N32: NANTES | R32: NANTES | S32: NANTES
A33: Autre | B33: Taxi - Train - Avion - Péage - Parking | C33: 46762570 | D33: VOYAGES ET DEPLACEMENTS | E33: =CONCATENATE(Mapping_Comptable[[#This Row],[Evènement]],"/",Mapping_Comptable[[#This Row],[Type de Dépense]]) -> Autre/Taxi - Train - Avion - Péage - Parking | H33: Toulouse | I33: 0002 - TOULOUSE | K33: NICE | L33: NICE | M33: NICE | N33: NICE | R33: NICE | S33: NICE
A34: Autre | B34: Véhicule Personnel (trajet en Km Ecole/Salon) | C34: 46762570 | D34: VOYAGES ET DEPLACEMENTS | E34: =CONCATENATE(Mapping_Comptable[[#This Row],[Evènement]],"/",Mapping_Comptable[[#This Row],[Type de Dépense]]) -> Autre/Véhicule Personnel (trajet en Km Ecole/Salon) | K34: RENNES | L34: RENNES | M34: RENNES | N34: RENNES | R34: RENNES | S34: RENNES
A35: Autre | B35: Veille Technologique (Colloque, revue, etc) | C35: 46762380 | D35: VEILLE TECHNOLOGIQUE (DONS&COTISA) | E35: =CONCATENATE(Mapping_Comptable[[#This Row],[Evènement]],"/",Mapping_Comptable[[#This Row],[Type de Dépense]]) -> Autre/Veille Technologique (Colloque, revue, etc) | K35: STRASBOURG | L35: STRASBOURG | M35: STRASBOURG | N35: STRASBOURG | R35: STRASBOURG | S35: STRASBOURG
A36: Autre | B36: Voyage et séminaire étudiants (HORS Salons, JPO, opération com) | C36: 46762510 | D36: Voyage et séminaire étudiants | E36: =CONCATENATE(Mapping_Comptable[[#This Row],[Evènement]],"/",Mapping_Comptable[[#This Row],[Type de Dépense]]) -> Autre/Voyage et séminaire étudiants (HORS Salons, JPO, opération com) | K36: TOULOUSE | L36: TOULOUSE | M36: TOULOUSE | N36: TOULOUSE | R36: TOULOUSE | S36: TOULOUSE
A37: Séminaire interne | B37: Hébergement | C37: 46761850 | D37: FRAIS SEMINAIRES INTERNE | E37: =CONCATENATE(Mapping_Comptable[[#This Row],[Evènement]],"/",Mapping_Comptable[[#This Row],[Type de Dépense]]) -> Séminaire interne/Hébergement
A38: Séminaire interne | B38: Repas | C38: 46761850 | D38: FRAIS SEMINAIRES INTERNE | E38: =CONCATENATE(Mapping_Comptable[[#This Row],[Evènement]],"/",Mapping_Comptable[[#This Row],[Type de Dépense]]) -> Séminaire interne/Repas
A39: Séminaire interne | B39: Taxi - Train - Avion - Péage - Parking | C39: 46761850 | D39: FRAIS SEMINAIRES INTERNE | E39: =CONCATENATE(Mapping_Comptable[[#This Row],[Evènement]],"/",Mapping_Comptable[[#This Row],[Type de Dépense]]) -> Séminaire interne/Taxi - Train - Avion - Péage - Parking
A40: Séminaire interne | B40: Véhicule Personnel (trajet en Km Ecole/Salon) | C40: 46761850 | D40: FRAIS SEMINAIRES INTERNE | E40: =CONCATENATE(Mapping_Comptable[[#This Row],[Evènement]],"/",Mapping_Comptable[[#This Row],[Type de Dépense]]) -> Séminaire interne/Véhicule Personnel (trajet en Km Ecole/Salon)
A41: Séminaire interne | B41: Autre | C41: 46761850 | D41: FRAIS SEMINAIRES INTERNE | E41: =CONCATENATE(Mapping_Comptable[[#This Row],[Evènement]],"/",Mapping_Comptable[[#This Row],[Type de Dépense]]) -> Séminaire interne/Autre
A42: JPO-Visite Lycée-Session découverte | B42: Hébergement | C42: 46762339 | D42: Frais de déplacts et rest JPO Lycée | E42: =CONCATENATE(Mapping_Comptable[[#This Row],[Evènement]],"/",Mapping_Comptable[[#This Row],[Type de Dépense]]) -> JPO-Visite Lycée-Session découverte/Hébergement
A43: JPO-Visite Lycée-Session découverte | B43: Repas | C43: 46762339 | D43: Frais de déplacts et rest JPO Lycée | E43: =CONCATENATE(Mapping_Comptable[[#This Row],[Evènement]],"/",Mapping_Comptable[[#This Row],[Type de Dépense]]) -> JPO-Visite Lycée-Session découverte/Repas
A44: JPO-Visite Lycée-Session découverte | B44: Taxi - Train - Avion - Péage - Parking | C44: 46762339 | D44: Frais de déplacts et rest JPO Lycée | E44: =CONCATENATE(Mapping_Comptable[[#This Row],[Evènement]],"/",Mapping_Comptable[[#This Row],[Type de Dépense]]) -> JPO-Visite Lycée-Session découverte/Taxi - Train - Avion - Péage - Parking | K44: Ville | L44: CORP | M44: IT | N44: DIGITAL | O44: RI | P44: CEI | Q44: RE | R44: WAC | S44: CODING | T44: SAMSUNG | U44: WCS
A45: JPO-Visite Lycée-Session découverte | B45: Véhicule Personnel (trajet en Km Ecole/Salon) | C45: 46762339 | D45: Frais de déplacts et rest JPO Lycée | E45: =CONCATENATE(Mapping_Comptable[[#This Row],[Evènement]],"/",Mapping_Comptable[[#This Row],[Type de Dépense]]) -> JPO-Visite Lycée-Session découverte/Véhicule Personnel (trajet en Km Ecole/Salon)
A46: JPO-Visite Lycée-Session découverte | B46: Autre | C46: 46762332 | D46: JPO Visites LYC Session découvertes | E46: =CONCATENATE(Mapping_Comptable[[#This Row],[Evènement]],"/",Mapping_Comptable[[#This Row],[Type de Dépense]]) -> JPO-Visite Lycée-Session découverte/Autre | K46: NATIONAL | L46: 0025 - NATIONAL | M46: 0072 - IT NATIONAL | N46: 0073 - DIGITAL NATIONAL | O46: 0046 - RI | P46: 0044 - CEI | Q46: 0019 - RELATION ENTREPRISES | R46: 0039 - WEB ACADEMY NAT | S46: 0032 - CODING ACADEMY NAT | U46: 0040 - COD/WAC/SMG NATIONAL
A47: Salons | B47: Hébergement | C47: 46762337 | D47: Frais de déplacts et rest salons | E47: =CONCATENATE(Mapping_Comptable[[#This Row],[Evènement]],"/",Mapping_Comptable[[#This Row],[Type de Dépense]]) -> Salons/Hébergement | K47: PARIS et RP | L47: 0001 - PARIS | M47: 0068 - IT PARIS | N47: 0084 - DIGITAL PARIS | R47: 0017 - WEB ACADEMY PARIS | S47: 0018 - CODING ACADEMY PARIS | T47: 0024 - SAMSUNG CAMPUS PARIS
A48: Salons | B48: Repas | C48: 46762337 | D48: Frais de déplacts et rest salons | E48: =CONCATENATE(Mapping_Comptable[[#This Row],[Evènement]],"/",Mapping_Comptable[[#This Row],[Type de Dépense]]) -> Salons/Repas | K48: BORDEAUX | L48: 0004 - BORDEAUX | M48: 0058 - IT BORDEAUX | N48: 0074 - DIGITAL BORDEAUX | R48: 0033 - WEB ACADEMY BORDEAUX | S48: 0026 - CODING ACADEMY BORDEAUX
A49: Salons | B49: Taxi - Train - Avion - Péage - Parking | C49: 46762337 | D49: Frais de déplacts et rest salons | E49: =CONCATENATE(Mapping_Comptable[[#This Row],[Evènement]],"/",Mapping_Comptable[[#This Row],[Type de Dépense]]) -> Salons/Taxi - Train - Avion - Péage - Parking | K49: LA REUNION | L49: 0022 - LA REUNION | M49: 0059 - IT LA REUNION | N49: 0075 - DIGITAL LA REUNION | R49: 0045 - WEB ACADEMY ST ANDRE | S49: 0047 - CODING ACADEMY LA REUNION
A50: Salons | B50: Véhicule Personnel (trajet en Km Ecole/Salon) | C50: 46762337 | D50: Frais de déplacts et rest salons | E50: =CONCATENATE(Mapping_Comptable[[#This Row],[Evènement]],"/",Mapping_Comptable[[#This Row],[Type de Dépense]]) -> Salons/Véhicule Personnel (trajet en Km Ecole/Salon) | K50: LILLE | L50: 0006 - LILLE | M50: 0060 - IT LILLE | N50: 0076 - DIGITAL LILLE | R50: 0034 - WEB ACADEMY LILLE | S50: 0027 - CODING ACADEMY LILLE
A51: Salons | B51: Autre | C51: 46762337 | D51: Frais de déplacts et rest salons | E51: =CONCATENATE(Mapping_Comptable[[#This Row],[Evènement]],"/",Mapping_Comptable[[#This Row],[Type de Dépense]]) -> Salons/Autre | K51: LYON | L51: 0002 - LYON | M51: 0061 - IT LYON | N51: 0077 - DIGITAL LYON | R51: 0035 - WEB ACADEMY LYON | S51: 0028 - CODING ACADEMY LYON
A52: Communication événementielle | B52: Hébergement | C52: 46762333 | D52: COMMUNICATION EVENEMENTIELLE | E52: =CONCATENATE(Mapping_Comptable[[#This Row],[Evènement]],"/",Mapping_Comptable[[#This Row],[Type de Dépense]]) -> Communication événementielle/Hébergement | K52: MARSEILLE | L52: 0013 - MARSEILLE | M52: 0062 - IT MARSEILLE | N52: 0078 - DIGITAL MARSEILLE | R52: 0053 - WEB ACADEMIE MARSEILLE | S52: 0048 - CODING ACADEMY MARSEILLE
A53: Communication événementielle | B53: Repas | C53: 46762333 | D53: COMMUNICATION EVENEMENTIELLE | E53: =CONCATENATE(Mapping_Comptable[[#This Row],[Evènement]],"/",Mapping_Comptable[[#This Row],[Type de Dépense]]) -> Communication événementielle/Repas | K53: MONTPELLIER | L53: 0009 - MONTPELLIER | M53: 0063 - IT MONTPELLIER | N53: 0079 - DIGITAL MONTPELLIER | R53: 0054 - WEB ACADEMIE MONTPELLIER | S53: 0049 - CODING ACADEMY MONTPELLIER
A54: Communication événementielle | B54: Taxi - Train - Avion - Péage - Parking | C54: 46762333 | D54: COMMUNICATION EVENEMENTIELLE | E54: =CONCATENATE(Mapping_Comptable[[#This Row],[Evènement]],"/",Mapping_Comptable[[#This Row],[Type de Dépense]]) -> Communication événementielle/Taxi - Train - Avion - Péage - Parking | K54: MULHOUSE | L54: 0057 - EPITECH MULHOUSE | M54: 0064 - IT MULHOUSE | N54: 0080 - DIGITAL MULHOUSE
A55: Communication événementielle | B55: Véhicule Personnel (trajet en Km Ecole/Salon) | C55: 46762333 | D55: COMMUNICATION EVENEMENTIELLE | E55: =CONCATENATE(Mapping_Comptable[[#This Row],[Evènement]],"/",Mapping_Comptable[[#This Row],[Type de Dépense]]) -> Communication événementielle/Véhicule Personnel (trajet en Km Ecole/Salon) | K55: NANCY | L55: 0011 - NANCY | M55: 0065 - IT NANCY | N55: 0081 - DIGITAL NANCY | R55: 0043 - WEB ACADEMY NANCY | S55: 0050 - CODING ACADEMY NANCY
A56: Communication événementielle | B56: Autre | C56: 46762333 | D56: COMMUNICATION EVENEMENTIELLE | E56: =CONCATENATE(Mapping_Comptable[[#This Row],[Evènement]],"/",Mapping_Comptable[[#This Row],[Type de Dépense]]) -> Communication événementielle/Autre | K56: NANTES | L56: 0007 - NANTES | M56: 0066 - IT NANTES | N56: 0082 - DIGITAL NANTES | R56: 0036 - WEB ACADEMY NANTES | S56: 0029 - CODING ACADEMY NANTES
K57: NICE | L57: 0010 - NICE | M57: 0067 - IT NICE | N57: 0083 - DIGITAL NICE | R57: 0055 - WEB ACADEMIE NICE | S57: 0051 - CODING ACADEMY NICE
K58: RENNES | L58: 0014 - RENNES | M58: 0069 - IT RENNES | N58: 0085 - DIGITAL RENNES | R58: 0056 - WEB ACADEMIE RENNES | S58: 0052 - CODING ACADEMY RENNES
K59: STRASBOURG | L59: 0003 - STRASBOURG | M59: 0070 - IT STRASBOURG | N59: 0086 - DIGITAL STRASBOURG | R59: 0037 - WEB ACADEMY STRASBOURG | S59: 0030 - CODING ACADEMY STRASBOURG
K60: TOULOUSE | L60: 0005 - TOULOUSE | M60: 0071 - IT TOULOUSE | N60: 0087 - DIGITAL TOULOUSE | R60: 0038 - WEB ACADEMY TOULOUSE | S60: 0031 - CODING ACADEMY TOULOUSE
I63: Tous programme
I64: EPITECH IT
I65: EPITECH DIGITAL
I66: Relations Internationales
I67: CEI
I68: Relations Entreprises
I69: WAC
I70: CODING
I71: SAMSUNG
I72: WAC/CODING/SAMSUNG
J73: Prog | K73: Ville | L73: Conc | M73: Analytique
J74: Tous programme | K74: NATIONAL | L74: =J74&K74 -> Tous programmeNATIONAL | M74: 0025 - NATIONAL
J75: Tous programme | K75: PARIS et RP | L75: =J75&K75 -> Tous programmePARIS et RP | M75: 0001 - PARIS
J76: Tous programme | K76: BORDEAUX | L76: =J76&K76 -> Tous programmeBORDEAUX | M76: 0004 - BORDEAUX
J77: Tous programme | K77: LA REUNION | L77: =J77&K77 -> Tous programmeLA REUNION | M77: 0022 - LA REUNION
J78: Tous programme | K78: LILLE | L78: =J78&K78 -> Tous programmeLILLE | M78: 0006 - LILLE
J79: Tous programme | K79: LYON | L79: =J79&K79 -> Tous programmeLYON | M79: 0002 - LYON
J80: Tous programme | K80: MARSEILLE | L80: =J80&K80 -> Tous programmeMARSEILLE | M80: 0013 - MARSEILLE
J81: Tous programme | K81: MONTPELLIER | L81: =J81&K81 -> Tous programmeMONTPELLIER | M81: 0009 - MONTPELLIER
J82: Tous programme | K82: MULHOUSE | L82: =J82&K82 -> Tous programmeMULHOUSE | M82: 0057 - EPITECH MULHOUSE
J83: Tous programme | K83: NANCY | L83: =J83&K83 -> Tous programmeNANCY | M83: 0011 - NANCY
J84: Tous programme | K84: NANTES | L84: =J84&K84 -> Tous programmeNANTES | M84: 0007 - NANTES
J85: Tous programme | K85: NICE | L85: =J85&K85 -> Tous programmeNICE | M85: 0010 - NICE
... J119: Relations Internationales | K119: NATIONAL | L119: =J119&K119 -> Relations InternationalesNATIONAL | M119: 0046 - RI
J120: Relations Internationales | K120: PARIS et RP | L120: =J120&K120 -> Relations InternationalesPARIS et RP
J121: Relations Internationales | K121: BORDEAUX | L121: =J121&K121 -> Relations InternationalesBORDEAUX
J122: Relations Internationales | K122: LA REUNION | L122: =J122&K122 -> Relations InternationalesLA REUNION
J123: Relations Internationales | K123: LILLE | L123: =J123&K123 -> Relations InternationalesLILLE
J124: Relations Internationales | K124: LYON | L124: =J124&K124 -> Relations InternationalesLYON
J125: Relations Internationales | K125: MARSEILLE | L125: =J125&K125 -> Relations InternationalesMARSEILLE
J126: Relations Internationales | K126: MONTPELLIER | L126: =J126&K126 -> Relations InternationalesMONTPELLIER
J127: Relations Internationales | K127: MULHOUSE | L127: =J127&K127 -> Relations InternationalesMULHOUSE
J128: Relations Internationales | K128: NANCY | L128: =J128&K128 -> Relations InternationalesNANCY
J129: Relations Internationales | K129: NANTES | L129: =J129&K129 -> Relations InternationalesNANTES
J130: Relations Internationales | K130: NICE | L130: =J130&K130 -> Relations InternationalesNICE
J131: Relations Internationales | K131: RENNES | L131: =J131&K131 -> Relations InternationalesRENNES
... J133: Relations Internationales | K133: TOULOUSE | L133: =J133&K133 -> Relations InternationalesTOULOUSE
J134: CEI | K134: NATIONAL | L134: =J134&K134 -> CEINATIONAL | M134: 0044 - CEI
J135: CEI | K135: PARIS et RP | L135: =J135&K135 -> CEIPARIS et RP
J136: CEI | K136: BORDEAUX | L136: =J136&K136 -> CEIBORDEAUX
J137: CEI | K137: LA REUNION | L137: =J137&K137 -> CEILA REUNION
...
